,Términos,enfado.1,miedo.1,alegría.1,tristeza.1
0,abalancha,0,"0,625",0,"0,375"
1,abandono,"0,438","0,609",0,"0,859"
2,abismal,0,0,0,"0,742"
3,abollado,0,"0,667",0,"0,734"
4,abominable,0,"0,738",0,0
5,abominables,0,"0,738",0,0
6,abominación,"0,844","0,844",0,0
7,abominaciones,"0,844","0,844",0,0
8,abordada,"0,53",0,0,0
9,abordado,"0,53",0,0,0
10,aborrecer,"0,816","0,547",0,0
11,aborrecible,"0,875","0,672",0,0
12,abortiva,0,0,0,"0,672"
13,abortivo,0,0,0,"0,672"
14,abortivas,0,0,0,"0,672"
15,abortivos,0,0,0,"0,672"
16,aborto,0,"0,641",0,"0,766"
17,abrasadora,"0,719",0,0,0
18,abrasador,"0,719",0,0,0
19,abrasadoras,"0,719",0,0,0
20,abrasadores,"0,719",0,0,0
21,abrazado,0,0,"0,703",0
22,abrazados,0,0,"0,703",0
23,abrumadas,0,"0,469",0,"0,609"
24,abrumada,0,"0,469",0,"0,609"
25,abrumado,0,"0,469",0,"0,609"
26,abrumados,0,"0,469",0,"0,609"
27,abrumador,"0,591","0,562",0,0
28,abundancia,0,0,"0,652",0
29,abuso,"0,812","0,672",0,"0,625"
30,acantilado,0,"0,5",0,0
31,accidente,0,"0,75",0,"0,516"
32,absorta,0,0,"1,273",0
33,acelerador,"0,579",0,0,0
34,absortas,0,0,"1,273",0
35,absortos,0,0,"1,273",0
36,aclarar,0,0,"0,719",0
37,accidentes,0,"0,75",0,"0,516"
38,aclamación,0,0,"0,773",0
39,acoso,"0,742","0,859",0,"0,744"
40,aclamaciones,0,0,"0,773",0
41,acogedor,0,0,"0,583",0
42,acusando,"0,779","0,484",0,0
43,acogedora,0,0,"0,583",0
44,acurrucada,0,0,"0,594",0
45,admirable,0,0,"0,562",0
46,acurrucado,0,0,"0,594",0
47,admiración,0,0,"0,734",0
48,adorable,0,0,"0,609",0
49,veneración,0,0,"0,688",0
50,adorar,0,0,"0,667",0
51,adulterio,0,0,0,"0,566"
52,afán,0,0,"0,552",0
53,acusar,"0,779","0,484",0,0
54,adivinar,0,0,"0,641",0
55,afligirse,0,"0,375",0,"0,844"
56,afortunadísimo,0,0,"0,712",0
57,admirables,0,0,"0,562",0
58,agitación,"0,68",0,0,0
59,afecto,0,0,"0,647",0
60,agitado,"0,63",0,0,0
61,afirmativamente,0,0,"0,676",0
62,agarrar,"0,557",0,0,0
63,agonía,"0,465","0,75",0,"0,9"
64,agonizante,0,"0,703",0,0
65,agitada,"0,63",0,0,0
66,agitadas,"0,63",0,0,0
67,agitados,"0,63",0,0,0
68,agorafobia,0,"0,688",0,0
69,agotada,"0,603",0,0,"0,391"
70,agotador,"0,788","0,562",0,"0,703"
71,agotadas,"0,603",0,0,"0,391"
72,agotado,"0,603",0,0,"0,391"
73,agotados,"0,603",0,0,"0,391"
74,agrada,0,0,"0,891",0
75,agradecido,0,0,"0,781",0
76,agradar,0,0,"0,891",0
77,agradecer,0,0,"0,515",0
78,agradecida,0,0,"0,781",0
79,agradecidas,0,0,"0,781",0
80,agradecidos,0,0,"0,781",0
81,agravación,"0,672",0,0,0
82,agravado,"0,703",0,0,0
83,agravante,"0,75",0,0,"0,5"
84,agresión,"0,702","0,609",0,0
85,agradeciendo,0,0,"0,515",0
86,agrava,"0,719",0,0,0
87,agresivo,"0,667","0,703",0,0
88,agravar,"0,719",0,0,0
89,lacerante,0,"0,719",0,0
90,agresiva,"0,667","0,703",0,0
91,agresivamente,"0,68",0,0,0
92,ahogar,"0,469","0,844",0,"0,641"
93,ahogo,"0,719",0,0,"0,682"
94,aguantar,"0,529",0,0,0
95,airado,"0,844",0,0,0
96,aislamiento,0,0,0,"0,703"
97,aislar,0,0,0,"0,703"
98,aguja,0,"0,547",0,0
99,agujas,0,"0,547",0,0
100,ahorcado,"0,515",0,0,0
101,alabado,0,0,"0,652",0
102,alarma,0,"0,688",0,0
103,alarmante,0,"0,656",0,0
104,alcoholismo,"0,338","0,5",0,"0,609"
105,alegación,"0,531",0,0,0
106,alegrarse,0,0,"0,812",0
107,alabando,0,0,"0,719",0
108,alabanza,0,0,"0,578",0
109,alegría,0,0,"0,819",0
110,alabanzas,0,0,"0,652",0
111,alejado,"0,5","0,562",0,"0,688"
112,alegrar,0,0,"0,848",0
113,alegraste,0,0,"0,848",0
114,alentar,0,0,"0,5",0
115,alienación,"0,576","0,609",0,"0,685"
116,alegrías,0,0,"0,818",0
117,alienado,0,0,0,"0,727"
118,aleluya,0,0,"0,859",0
119,alentado,0,0,"0,656",0
120,alienada,0,0,0,"0,727"
121,alimañas,"0,719","0,672",0,0
122,alienadas,0,0,0,"0,727"
123,alienados,0,0,0,"0,727"
124,alimaña,"0,719","0,672",0,0
125,aliviada,0,0,"0,647",0
126,altercado,"0,729",0,0,0
127,aliviadas,0,0,"0,647",0
128,aliviado,0,0,"0,647",0
129,aliviados,0,0,"0,647",0
130,altercados,"0,729",0,0,0
131,alucinando,"0,812",0,0,0
132,alucinar,"0,812",0,0,0
133,amada,0,0,"0,859",0
134,amante,"0,182",0,"0,719",0
135,amadas,0,0,"0,859",0
136,amado,0,0,"0,859",0
137,amargamente,"0,609",0,0,"0,625"
138,amargura,"0,594",0,0,"0,578"
139,ambición,0,0,"0,578",0
140,ambicioso,0,0,"0,618",0
141,amados,0,0,"0,859",0
142,amantes,"0,182",0,"0,719",0
143,amar,0,0,"0,875",0
144,ambiciosa,0,0,"0,618",0
145,amenazador,"0,735","0,672",0,0
146,amenazar,"0,818","0,734",0,0
147,ambiciosas,0,0,"0,618",0
148,ambiciosos,0,0,"0,618",0
149,amenazadora,"0,735","0,672",0,0
150,amiga,0,0,"0,5",0
151,amistad,0,0,"0,591",0
152,amor,0,0,"0,906",0
153,amigas,0,0,"0,5",0
154,amigo,0,0,"0,5",0
155,amigos,0,0,"0,5",0
156,amorío,0,0,"0,607",0
157,amorosa,0,0,"0,879",0
158,anaconda,0,"0,75",0,0
159,anarquía,"0,636","0,75",0,0
160,anarquismo,"0,714","0,688",0,0
161,amorosas,0,0,"0,879",0
162,anarquista,"0,765","0,75",0,0
163,anatema,"0,485","0,422",0,"0,562"
164,ángel,0,0,"0,594",0
165,angelical,0,0,"0,688",0
166,angina de pecho,0,"0,578",0,0
167,angustioso,"0,371","0,562",0,"0,969"
168,amoroso,0,0,"0,879",0
169,amorosos,0,0,"0,879",0
170,anarquistas,"0,765","0,75",0,0
171,anhelo,0,0,"0,297","0,594"
172,animosidad,"0,652","0,469",0,"0,438"
173,aniquilación,"0,912","0,875",0,"0,828"
174,angustiosa,"0,371","0,562",0,"0,969"
175,angustiosas,"0,371","0,562",0,"0,969"
176,angustiosos,"0,371","0,562",0,"0,969"
177,aniquilado,"0,865","0,859",0,"0,828"
178,aniquiladas,"0,865","0,859",0,"0,828"
179,aniversario,0,0,"0,742",0
180,aniquilados,"0,865","0,859",0,"0,828"
181,aniquilar,"0,898","0,953",0,0
182,ansiedad,"0,344","0,594",0,"0,5"
183,aniquiliada,"0,865","0,859",0,"0,828"
184,ansioso,0,"0,518","0,438",0
185,anodino,0,"0,781",0,"0,797"
186,anorexia,0,"0,578",0,0
187,antagonismo,"0,609",0,0,0
188,antecristo,"0,656","0,641",0,0
189,ansiosa,0,"0,518","0,438",0
190,antipático,"0,394","0,281",0,"0,516"
191,ansiosas,0,"0,518","0,438",0
192,ansiosos,0,"0,518","0,438",0
193,antisocial,"0,344","0,324",0,"0,531"
194,antítesis,"0,5",0,0,0
195,ántrax,0,"0,859",0,"0,6"
196,antipática,"0,394","0,281",0,"0,516"
197,antipáticas,"0,394","0,281",0,"0,516"
198,antipáticos,"0,394","0,281",0,"0,516"
199,año nuevo,0,0,"0,561",0
200,añorar,0,0,0,"0,547"
201,aparición,0,"0,547",0,0
202,apasionado,0,0,"0,734",0
203,añorarte,0,0,0,"0,547"
204,apagador,0,0,0,"0,5"
205,apañao,0,0,"0,606",0
206,apendicitis,0,"0,547",0,"0,438"
207,aplastada,"0,672","0,812",0,"0,703"
208,apasianadas,0,0,"0,734",0
209,devastador,"0,735","0,672",0,0
210,aplastar,0,"0,656",0,0
211,apasionada,0,0,"0,734",0
212,apasionados,0,0,"0,734",0
213,apreciación,0,0,"0,656",0
214,aplastadas,"0,672","0,812",0,"0,703"
215,apocalipsis,"0,643","0,844",0,"0,75"
216,aprehender,0,"0,562",0,0
217,aprensivo,0,"0,578",0,0
218,aprecia,0,0,"0,703",0
219,apreciado,0,0,"0,682",0
220,apreciar,0,0,"0,703",0
221,apresador,0,"0,531",0,0
222,aprensiva,0,"0,578",0,0
223,aprensivas,0,"0,578",0,0
224,aprensivos,0,"0,578",0,0
225,araña,0,"0,656",0,0
226,aprovechar,0,"0,625",0,0
227,argumentación,"0,515",0,0,0
228,argumento,"0,545",0,0,0
229,armado,"0,7","0,703",0,0
230,apuntado,0,"0,641",0,0
231,armas (de fuego),"0,547","0,6",0,0
232,armonía,0,0,"0,719",0
233,armoniosamente,0,0,"0,641",0
234,absorto,0,0,"1,273",0
235,aracnofobia,0,"0,859",0,0
236,arañas,0,"0,625",0,0
237,arma,"0,547","0,6",0,0
238,arriesgado,0,"0,562",0,0
239,arriesgada,0,"0,562",0,0
240,arriesgadas,0,"0,562",0,0
241,arriesgados,0,"0,562",0,0
242,arsénico,0,"0,703",0,"0,484"
243,asar,"0,516",0,0,0
244,asco,"0,602","0,406",0,"0,531"
245,asesinar,"0,912","0,906",0,0
246,asfixia,0,"0,641",0,0
247,asfixia,"0,625","0,875",0,0
248,asilo,0,"0,547",0,0
249,asombro,0,0,"0,547",0
250,asombroso,0,0,"0,728",0
251,aspirar,0,0,"0,516",0
252,astronomía,0,0,"0,625",0
253,asustadísimo,0,"0,672",0,0
254,asustado,0,"0,672",0,0
255,asustar,0,"0,531",0,0
256,asustarse,0,"0,531",0,0
257,atacar,"0,594","0,578",0,0
258,ataques,"0,853","0,797",0,0
259,ataque,"0,853","0,797",0,0
260,aterosclerosis,0,"0,531",0,"0,5"
261,aterrada,0,"0,641",0,0
262,aterrador,0,"0,844",0,0
263,aterroriza,0,"0,798",0,0
264,aterrorizar,"0,939","0,922",0,"0,781"
265,atornillado,"0,588",0,0,0
266,atrofia,0,"0,438",0,"0,719"
267,aterrorizado,0,"0,906",0,0
268,atroz,"0,706",0,0,0
269,atropello,"0,848",0,0,0
270,aturdido,0,"0,625",0,0
271,aturdida,0,"0,625",0,0
272,aturdidas,0,"0,625",0,0
273,aullido,"0,394","0,453",0,"0,5"
274,aturdidos,0,"0,625",0,0
275,ausencia,0,"0,396",0,"0,547"
276,aullidos,"0,394","0,453",0,"0,5"
277,auténtico,"0,814","0,672","0,364","0,859"
278,auténtica,"0,814","0,672","0,364","0,859"
279,auténticas,"0,814","0,672","0,364","0,859"
280,auténticos,"0,814","0,672","0,364","0,859"
281,autolesión,0,"0,656",0,0
282,autolesiones,0,"0,656",0,0
283,autopsia,0,"0,557",0,"0,562"
284,avalancha,0,"0,703",0,"0,453"
285,avergonzada,0,0,0,"0,719"
286,avergonzadas,0,0,0,"0,719"
287,avergonzado,0,0,0,"0,719"
288,avergonzados,0,0,0,"0,719"
289,avispa,0,"0,5",0,0
290,azotaina,"0,636",0,0,0
291,azotar,"0,734","0,562",0,"0,344"
292,bailando,0,0,"0,797",0
293,bailar,0,0,"0,797",0
294,bailes,0,0,"0,545",0
295,bastarda,"0,719",0,0,"0,366"
296,bastardas,"0,741",0,0,0
297,baile,0,0,"0,545",0
298,bastardos,"0,741",0,0,0
299,bancarrota,"0,221","0,359",0,"0,5"
300,bastardo,"0,719",0,0,"0,366"
301,batallas,"0,697",0,0,0
302,bebés,0,0,"0,5",0
303,bendecida,0,0,"0,706",0
304,bendecir,0,0,"0,561",0
305,batalla,"0,697",0,0,0
306,batería,"0,609",0,0,0
307,bendita,0,0,"0,833",0
308,bebé,0,0,"0,5",0
309,belicoso,"0,728","0,781",0,0
310,beligerante,"0,841","0,594",0,0
311,belleza,0,0,"0,621",0
312,bendito,0,0,"0,833",0
313,bendecido,0,0,"0,706",0
314,bengala,"0,532",0,0,0
315,bendición,0,0,"0,75",0
316,bendiciones,0,0,"0,75",0
317,bengalas,"0,532",0,0,0
318,berrinche,"0,682",0,0,0
319,besos,0,0,"0,61",0
320,bestias,"0,562","0,734",0,0
321,bienestar,0,0,"0,537",0
322,birria,0,0,0,"0,5"
323,beso,0,0,"0,61",0
324,blasfema,"0,712",0,0,0
325,bestia,"0,562","0,734",0,0
326,boda,0,0,"0,641",0
327,bilis,"0,515",0,0,0
328,biopsia,0,"0,516",0,0
329,bodas,0,0,"0,641",0
330,bisturí,0,"0,5",0,0
331,blasfemia,0,"0,56",0,0
332,bofetadas,"0,791",0,0,0
333,blasfemo,"0,712",0,0,0
334,bloqueo,"0,409","0,582",0,"0,234"
335,bombardero,0,"0,797",0,0
336,bombarderos,0,"0,797",0,0
337,bombas,"0,766","0,935",0,"0,621"
338,bofetada,"0,791",0,0,0
339,bomba,"0,766","0,935",0,"0,621"
340,bombeado,0,0,"0,567",0
341,bombardear,"0,641","0,74",0,0
342,botes,0,0,"0,641",0
343,bravo,0,0,"0,636",0
344,brigadas,0,"0,547",0,0
345,bonanza,0,0,"0,812",0
346,bondad,0,0,"0,818",0
347,arrasar,"0,894","0,8",0,0
348,bronca,"0,765",0,0,0
349,bote,0,0,"0,641",0
350,broncas,"0,765",0,0,0
351,brote,0,"0,672",0,0
352,brigada,0,"0,547",0,0
353,brillar,0,0,"0,577",0
354,luz solar,0,0,"0,656",0
355,brotes,0,"0,672",0,0
356,brujas,0,"0,641",0,0
357,brujos,0,"0,641",0,0
358,bruta,"0,581","0,5",0,"0,391"
359,bruja,0,"0,641",0,0
360,brujo,0,"0,641",0,0
361,buen día,0,0,"0,547",0
362,buena,0,0,"0,547",0
363,brutal,"0,719","0,828",0,0
364,brutalidad,"0,959","0,922",0,0
365,buenos días,0,0,"0,734",0
366,bruto,"0,581","0,5",0,"0,391"
367,bulimia,0,"0,578",0,0
368,bulliciosa,"0,307",0,"0,667",0
369,bueno,0,0,"0,547",0
370,bulliciosas,"0,307",0,"0,667",0
371,bulliciosos,"0,307",0,"0,667",0
372,cagado,0,"0,656",0,0
373,cagao,0,"0,656",0,0
374,caidas,0,"0,5",0,"0,594"
375,bullicioso,"0,307",0,"0,667",0
376,caimán,0,"0,727",0,0
377,calentado,"0,545",0,0,0
378,calentar,"0,545",0,0,0
379,caída,0,"0,5",0,"0,594"
380,caliente,"0,529",0,0,0
381,calamidad,0,0,0,"0,709"
382,calientes,"0,529",0,0,0
383,cállate,"0,75",0,0,0
384,calma,0,0,"0,727",0
385,calor,0,0,"0,53",0
386,calina,0,"0,594",0,0
387,campeona,0,0,"0,641",0
388,calloso,"0,545",0,0,0
389,campeonas,0,0,"0,641",0
390,campeones,0,0,"0,641",0
391,canta,0,0,"0,729","0,017"
392,canto,0,0,"0,591",0
393,cañones,"0,375","0,547",0,0
394,campeón,0,0,"0,641",0
395,cáncer,"0,577","0,828",0,"0,875"
396,caníbal,0,"0,74",0,0
397,caótica,"0,576",0,0,0
398,caóticas,"0,576",0,0,0
399,caóticos,"0,576",0,0,0
400,cañón,"0,375","0,547",0,0
401,caos,"0,515","0,839",0,"0,594"
402,caprichosa,0,0,"0,603",0
403,caprichosas,0,0,"0,603",0
404,caprichosos,0,0,"0,603",0
405,caótico,"0,576",0,0,0
406,cardiomiopatía,0,"0,594",0,"0,422"
407,caricia,0,0,"0,766",0
408,caricias,0,0,"0,766",0
409,caprichoso,0,0,"0,603",0
410,carcinoma,0,"0,703",0,"0,703"
411,caritativa,0,0,"0,5",0
412,caritativas,0,0,"0,5",0
413,caritativos,0,0,"0,5",0
414,carnaval,0,0,"0,643",0
415,carnicera,"0,578","0,609",0,0
416,carniceros,"0,578","0,609",0,0
417,caritativo,0,0,"0,5",0
418,carreras,0,"0,656",0,"0,406"
419,carnicería,"0,814","0,717",0,"0,833"
420,casa,0,0,"0,559",0
421,casas,0,0,"0,559",0
422,carnicero,"0,578","0,609",0,0
423,carnívoro,0,"0,531",0,0
424,castigos,"0,547","0,656",0,0
425,apoplejía,0,"0,656",0,"0,406"
426,castrar,"0,727",0,0,0
427,catástrofes,"0,735","0,953",0,"0,911"
428,casar,0,"0,125","0,676",0
429,castigado,"0,662","0,641",0,"0,672"
430,castigar,0,"0,531",0,0
431,cautiva,0,"0,517",0,"0,576"
432,castigo,"0,547","0,656",0,0
433,cautivos,0,"0,517",0,"0,576"
434,cazadores,0,"0,562",0,"0,359"
435,catástrofe,"0,735","0,953",0,"0,911"
436,cautivar,0,0,"0,656",0
437,cautiverio,0,0,0,"0,594"
438,celebraciones,0,0,"0,833",0
439,celebrar,0,0,"0,844",0
440,cautivo,0,"0,517",0,"0,576"
441,caza,"0,411","0,5","0,109",0
442,cementerios,0,"0,541",0,"0,766"
443,cazador,0,"0,562",0,"0,359"
444,ceguera,0,0,0,"0,516"
445,celebracion,0,0,"0,929",0
446,cerrar,"0,578",0,0,0
447,celebrado,0,0,"0,859",0
448,celebrando,0,0,"0,97",0
449,chantajes,"0,55","0,612",0,0
450,celo,0,0,"0,547",0
451,celos,"0,587","0,365",0,"0,382"
452,cementerio,0,"0,541",0,"0,766"
453,chica,0,0,"0,515",0
454,centelleo,0,0,"0,636",0
455,frunciendo,"0,239",0,0,"0,5"
456,cercanía,0,0,"0,552",0
457,chico,0,0,"0,515",0
458,chantaje,"0,55","0,612",0,0
459,chocar,"0,652","0,578",0,0
460,ciérralo,"0,578",0,0,0
461,claustrofobia,0,"0,803",0,0
462,chocando,"0,652","0,578",0,0
463,chorro,0,0,"0,545",0
464,cianuro,0,"0,797",0,0
465,ciclón,0,"0,688",0,0
466,claustrófobo,0,"0,765",0,0
467,cobardes,0,"0,578",0,"0,484"
468,cirugía,0,"0,578",0,"0,344"
469,citomegalovirus,0,0,0,"0,5"
470,cocodrilos,0,"0,7",0,0
471,colapso,0,"0,625",0,"0,469"
472,clímax,0,0,"0,636",0
473,coacción,"0,516","0,641",0,"0,625"
474,colapso,0,0,0,"0,703"
475,cobarde,0,"0,578",0,"0,484"
476,cobardemente,0,"0,531",0,0
477,cobardía,0,"0,567",0,"0,652"
478,cobra,0,"0,703",0,0
479,colgar,"0,636","0,641",0,"0,547"
480,cocodrilo,0,"0,7",0,0
481,coerción,"0,515","0,547",0,"0,438"
482,colisiones,"0,609",0,0,0
483,combatido,"0,712","0,615",0,"0,5"
484,cólera,0,"0,75",0,"0,583"
485,combativa,"0,891","0,625",0,0
486,colgando,"0,636","0,641",0,"0,547"
487,combativas,"0,891","0,625",0,0
488,colisión,"0,609",0,0,0
489,colmillo,0,"0,516",0,0
490,colmillos,0,"0,672",0,0
491,coma,0,"0,656",0,"0,5"
492,comatoso,0,"0,575",0,"0,562"
493,combativos,"0,891","0,625",0,0
494,combatiente,"0,636","0,672",0,0
495,complemento,0,0,"0,647",0
496,completar,0,0,"0,515",0
497,comprometida,0,0,"0,652",0
498,combativo,"0,891","0,625",0,0
499,comodidad,0,0,"0,515",0
500,comprometidas,0,0,"0,652",0
501,comprometidos,0,0,"0,652",0
502,condolencias,0,0,0,"0,594"
503,confinada,"0,5","0,578",0,"0,531"
504,confinadas,"0,5","0,578",0,"0,531"
505,comprometido,0,0,"0,652",0
506,comunismo,"0,531","0,547",0,"0,25"
507,concusión,"0,377",0,0,"0,545"
508,condenado,"0,735","0,888",0,"0,766"
509,condescendencia,"0,576",0,0,"0,391"
510,condolencia,0,0,0,"0,766"
511,confinados,"0,5","0,578",0,"0,531"
512,confianza,0,"0,109","0,547",0
513,confidente,0,"0,094","0,531",0
514,confortable,0,0,"0,551",0
515,conmovedor,0,0,"0,5",0
516,conmovedora,0,0,"0,5",0
517,confinado,"0,5","0,578",0,"0,531"
518,confinamiento,"0,531","0,507",0,"0,439"
519,confinar,"0,547","0,562",0,"0,406"
520,conflagración,"0,561","0,609",0,0
521,conflicto,"0,578","0,641",0,"0,469"
522,conmovedores,0,0,"0,5",0
523,confrontar,"0,582",0,0,0
524,congratulatorio,0,0,"0,719",0
525,consolador,0,0,"0,636",0
526,conspiradores,"0,545","0,516",0,0
527,consumado,0,0,"0,672",0
528,consola,0,0,0,"0,531"
529,contagios,0,"0,688",0,0
530,contaminada,0,"0,61",0,"0,594"
531,conspirador,"0,545","0,516",0,0
532,contenta,0,0,"0,797",0
533,contentamiento,0,0,"0,672",0
534,contagio,0,"0,688",0,0
535,contagioso,0,"0,72","0,25",0
536,contentas,0,0,"0,797",0
537,contaminado,0,"0,61",0,"0,594"
538,contencioso,"0,578","0,344",0,0
539,contenido,0,"0,594","0,688",0
540,contentos,0,0,"0,797",0
541,convulsión,"0,484","0,703",0,"0,453"
542,coño,"0,644",0,0,0
543,copas,0,0,"0,625",0
544,contento,0,0,"0,797",0
545,contrabandista,"0,485","0,625",0,0
546,contrabando,"0,281","0,565",0,0
547,corazón,0,0,"0,547",0
548,corazones,0,0,"0,547",0
549,corromper,"0,672","0,562",0,"0,565"
550,corrosiva,0,"0,636",0,0
551,corrosivos,0,"0,636",0,0
552,coronación,0,0,"0,515",0
553,cretina,"0,516",0,0,0
554,corrompiendo,"0,672","0,562",0,"0,565"
555,cretino,"0,516",0,0,0
556,cretinos,"0,516",0,0,0
557,corrosivo,0,"0,636",0,0
558,cremación,0,0,0,"0,621"
559,crimen,"0,672","0,719",0,0
560,crímenes,"0,672","0,719",0,0
561,criminal,"0,714","0,766",0,0
562,criminales,"0,714","0,766",0,0
563,criptas,0,"0,566",0,"0,594"
564,crisis,0,"0,766",0,"0,703"
565,cristo,0,0,"0,5",0
566,criminalidad,"0,578","0,642",0,0
567,crucero,0,0,"0,556",0
568,cripta,0,"0,566",0,"0,594"
569,cruceros,0,0,"0,556",0
570,cruelmente,"0,672","0,658",0,0
571,crónico,0,0,0,"0,5"
572,cruzar,"0,561","0,203",0,"0,156"
573,cuchillada,"0,571",0,0,0
574,crucifixión,"0,712","0,891",0,"0,859"
575,crueldad,"0,833","0,797",0,"0,812"
576,cuerpos,0,"0,672",0,"0,653"
577,culminate,0,"0,236","0,591",0
578,cuarentena,0,"0,578",0,0
579,culpables,"0,591",0,0,"0,609"
580,cumpliendo,0,0,"0,618",0
581,cuerpo de animal muerto,0,"0,672",0,"0,653"
582,cumplir,0,0,"0,664",0
583,dagas,0,"0,609",0,0
584,culpable,"0,591",0,0,"0,609"
585,culto,0,"0,518",0,0
586,cumpleaños,0,0,"0,691",0
587,debilidad,0,0,0,"0,516"
588,cumplimiento,0,0,"0,728",0
589,debilidades,0,0,0,"0,516"
590,decaer,0,"0,557",0,"0,482"
591,daga,0,"0,609",0,0
592,dañar,"0,578",0,0,"0,578"
593,daño,0,"0,719",0,0
594,daños,0,0,0,"0,576"
595,debacle,0,"0,438",0,"0,609"
596,decepcionada,"0,348",0,0,"0,636"
597,decepcionadas,"0,348",0,0,"0,636"
598,decepcionados,"0,348",0,0,"0,636"
599,decepciones,"0,29",0,0,"0,594"
600,decepción,"0,29",0,0,"0,594"
601,defectuoso,0,0,0,"0,531"
602,deformada,0,0,0,"0,703"
603,déjame,"0,75",0,0,0
604,decepcionado,"0,348",0,0,"0,636"
605,decepcionante,0,0,0,"0,625"
606,decepcionar,"0,409",0,0,"0,609"
607,dejar,"0,75",0,0,0
608,deformado,0,0,0,"0,703"
609,deformidad,0,"0,547",0,"0,703"
610,degeneración,"0,531",0,0,"0,578"
611,degradante,0,"0,562",0,"0,609"
612,deleite,0,0,"0,765",0
613,deleites,0,0,"0,765",0
614,delicada,0,"0,5",0,0
615,delicadas,0,"0,5",0,0
616,impresionable ,0,"0,5",0,0
617,delicados,0,"0,5",0,0
618,delirios,"0,561",0,"0,706","0,576"
619,demencia,0,"0,641",0,0
620,delirio,"0,561",0,"0,706","0,576"
621,dementes,0,"0,641",0,0
622,demencia,0,"0,375",0,"0,688"
623,demolido,0,0,0,"0,625"
624,demolidos,0,0,0,"0,625"
625,demente,0,"0,641",0,0
626,demoler,"0,824",0,0,"0,636"
627,denuncias,"0,713","0,456",0,0
628,depravada,"0,591","0,734",0,"0,688"
629,demoníaco,"0,828","0,859",0,"0,656"
630,denuncia,"0,713","0,456",0,0
631,depravados,"0,591","0,734",0,"0,688"
632,denunciar,"0,652",0,0,0
633,deplorable,"0,766","0,609",0,"0,75"
634,deplorar,"0,734",0,0,"0,576"
635,deportación,"0,422","0,517",0,"0,594"
636,deportar,0,"0,406",0,"0,5"
637,depravación,"0,516",0,0,0
638,depresiva,0,0,0,"0,75"
639,depresivas,0,0,0,"0,75"
640,depresivos,0,0,0,"0,75"
641,depravado,"0,591","0,734",0,"0,688"
642,deprravadas,"0,591","0,734",0,"0,688"
643,derrotada,0,0,0,"0,75"
644,derrotados,0,0,0,"0,75"
645,depresivo,0,0,0,"0,75"
646,deprimente,0,0,0,"0,906"
647,deprimir,0,"0,422",0,"0,755"
648,derrocamiento,0,"0,547",0,0
649,derrumbe,0,"0,625",0,"0,375"
650,derrumbes,0,"0,625",0,"0,375"
651,derrotado,0,0,0,"0,75"
652,desafiantes,"0,578",0,0,0
653,desafíos,"0,552","0,5",0,0
654,desacreditar,"0,548",0,0,0
655,desafortunada,"0,203","0,328",0,"0,516"
656,desafiante,"0,578",0,0,0
657,desafiar,"0,5","0,344",0,"0,312"
658,desahogándome,"0,788",0,0,0
659,desafío,"0,552","0,5",0,0
660,tristemente,0,0,0,"0,727"
661,desahogar,"0,788",0,0,0
662,desafortunado,"0,203","0,328",0,"0,516"
663,desalentado,0,0,0,"0,788"
664,desalentador,0,0,0,"0,719"
665,desalentadora,"0,413","0,672",0,"0,708"
666,desalentadoras,"0,413","0,672",0,"0,708"
667,desalentadores,"0,413","0,672",0,"0,708"
668,desanimar,0,"0,281",0,"0,547"
669,desalentados,0,0,0,"0,788"
670,desalmada,0,"0,469",0,"0,623"
671,desalmado,0,"0,469",0,"0,623"
672,desalojar,0,0,0,"0,5"
673,desalojo,"0,435","0,596",0,"0,594"
674,desalmados,0,"0,469",0,"0,623"
675,desamor,0,0,0,"0,781"
676,desanimada,0,0,0,"0,547"
677,desanimadas,0,0,0,"0,547"
678,desanimado,0,0,0,"0,547"
679,desanimados,0,0,0,"0,547"
680,desastre,"0,721","0,875",0,"0,758"
681,desaparición,0,"0,656",0,0
682,desastrosa,"0,72","0,875",0,"0,734"
683,desastroso,"0,72","0,875",0,"0,734"
684,desastrosos,"0,72","0,875",0,"0,734"
685,desatraillar,"0,515",0,0,0
686,desbordante,0,0,"0,588",0
687,descanso,0,0,"0,688",0
688,descarada,"0,5",0,0,0
689,descaradas,"0,5",0,0,0
690,descarado,"0,5",0,0,0
691,descomposición,0,"0,469",0,"0,703"
692,descompuesto,0,0,0,"0,672"
693,descarados,"0,5",0,0,0
694,desdeñosa,"0,69",0,0,0
695,desdeñosas,"0,69",0,0,0
696,desdeñoso,"0,69",0,0,0
697,desdeñosos,"0,69",0,0,0
698,desdichada,0,0,0,"0,672"
699,desdichado,0,0,0,"0,672"
700,desesperado,0,"0,474",0,"0,672"
701,desdichados,0,0,0,"0,672"
702,desesperada,0,"0,474",0,"0,672"
703,desesperadas,0,"0,474",0,"0,672"
704,desesperanzado,0,"0,688",0,"0,688"
705,desesperados,0,"0,474",0,"0,672"
706,desestresada,0,0,"0,5",0
707,desestresado,0,0,"0,5",0
708,desfigurado,"0,508","0,625",0,"0,703"
709,desfile,0,"0,062","0,621",0
710,desfigurada,"0,508","0,625",0,"0,703"
711,desfogue,"0,516",0,0,0
712,desgarrador,0,"0,75",0,0
713,desgarradora,0,"0,75",0,0
714,desechar,"0,312",0,0,"0,516"
715,desgarradores,0,"0,75",0,0
716,deshonesta,"0,516",0,0,"0,482"
717,deshonestas,"0,516",0,0,"0,482"
718,deshonesto,"0,516",0,0,"0,482"
719,deshonra,"0,441","0,484",0,"0,625"
720,deshonestos,"0,516",0,0,"0,482"
721,deshonrada,"0,608",0,0,"0,734"
722,deshonrados,"0,608",0,0,"0,734"
723,deshonrado,"0,608",0,0,"0,734"
724,deshonras,"0,441","0,484",0,"0,625"
725,desigualdad,"0,406","0,234",0,"0,641"
726,desigualdades,"0,406","0,234",0,"0,641"
727,desilusión,"0,375",0,0,"0,547"
728,desintegrarse,0,"0,609",0,0
729,desleal,0,0,0,"0,609"
730,desilusiones,"0,375",0,0,"0,547"
731,flagrante,"0,636",0,0,0
732,desleales,0,0,0,"0,609"
733,deslumbramiento,"0,562",0,0,0
734,deslustre,0,0,0,"0,531"
735,desmembramiento,0,"0,875",0,"0,766"
736,deslumbrante,0,0,"0,625",0
737,desmoralizado,0,"0,578",0,"0,781"
738,desmoralizada,0,"0,578",0,"0,781"
739,desmoronándose,0,0,0,"0,594"
740,desmoronar,0,0,0,"0,594"
741,lúgrube,0,0,0,"0,656"
742,ilegalidad,"0,563","0,531",0,0
743,fastidiar,"0,6",0,0,0
744,despiadada,0,"0,609",0,0
745,despiadadas,0,"0,609",0,0
746,despiadados,0,"0,609",0,0
747,despiadado,0,"0,609",0,0
748,despido,"0,312","0,406",0,"0,686"
749,desplazado,"0,294","0,438",0,"0,691"
750,despojado,"0,344","0,438",0,"0,516"
751,desposeída,"0,47","0,578",0,"0,531"
752,desposeídas,"0,47","0,578",0,"0,531"
753,desposeídos,"0,47","0,578",0,"0,531"
754,desposeído,"0,47","0,578",0,"0,531"
755,despótico,"0,547","0,656",0,0
756,despotismo,"0,453","0,609",0,"0,453"
757,despotricando,"0,606",0,0,0
758,despotricar,"0,758",0,0,0
759,despreciables,"0,438",0,0,"0,609"
760,despreciable,"0,438",0,0,"0,609"
761,despreciar,"0,75",0,0,0
762,desprecio,"0,672","0,359",0,0
763,despreocupada,0,0,"0,5",0
764,despreocupadas,0,0,"0,5",0
765,despreocupado,0,0,"0,5",0
766,despreocupados,0,0,"0,5",0
767,destello,0,0,"0,53",0
768,desterrar,"0,509","0,688",0,"0,697"
769,destierro,"0,422",0,0,"0,79"
770,destrozada,0,0,0,"0,63"
771,destrozado,"0,633","0,703",0,"0,625"
772,destrucción,"0,656","0,797",0,0
773,destructiva,"0,797","0,812",0,0
774,destructivas,"0,797","0,812",0,0
775,destructivos,"0,797","0,812",0,0
776,destructivo,"0,797","0,812",0,0
777,destructor,"0,812","0,75",0,0
778,destruida,"0,788","0,754",0,"0,844"
779,destruidos,"0,788","0,754",0,"0,844"
780,destruido,"0,788","0,754",0,"0,844"
781,destruir,"0,844","0,844",0,"0,734"
782,destruyendo,"0,844","0,844",0,"0,734"
783,detenida,"0,409","0,516",0,"0,438"
784,detenidos,"0,409","0,516",0,"0,438"
785,detenido,"0,409","0,516",0,"0,438"
786,deteriorarse,0,"0,641",0,0
787,deterioro,"0,344","0,562",0,"0,536"
788,detonación,"0,781",0,0,0
789,detonar,0,"0,766",0,0
790,devaneo,0,0,"0,607",0
791,devastación,"0,765","0,906",0,"0,917"
792,devastada,0,0,0,"0,912"
793,devastado,0,0,0,"0,912"
794,devastados,0,0,0,"0,912"
795,devastador,"0,561","0,719",0,"0,875"
796,devastar,"0,682","0,792",0,"0,797"
797,diablo,"0,719","0,828",0,"0,576"
798,diablos,0,"0,766",0,0
799,diamantes,0,0,"0,5",0
800,diamante,0,0,"0,5",0
801,dichosa,0,0,"0,922",0
802,dichosas,0,0,"0,922",0
803,dichoso,0,0,"0,922",0
804,dichosos,0,0,"0,922",0
805,dictador,0,"0,656",0,0
806,dictadura,"0,676","0,734",0,"0,509"
807,dictatorial,"0,53",0,0,0
808,difamatorio,"0,625",0,0,0
809,dificultad,"0,379","0,234",0,"0,5"
810,difunta,0,0,0,"0,518"
811,difuntos,0,0,0,"0,518"
812,difunto,0,0,0,"0,518"
813,dignidad,0,0,"0,5",0
814,dinero,"0,074",0,"0,531",0
815,diosa,0,"0,094","0,545",0
816,dios,0,"0,094","0,545",0
817,discapacidad,0,0,0,"0,648"
818,discapacitada,0,"0,406",0,"0,672"
819,discapacitado,0,"0,406",0,"0,672"
820,discapacitados,0,"0,406",0,"0,672"
821,discorde,0,"0,531",0,"0,422"
822,discordia,"0,576",0,0,0
823,discriminación,"0,606","0,391",0,"0,578"
824,discriminar,"0,576",0,0,"0,453"
825,discutir,"0,734",0,0,0
826,disensión,"0,561",0,0,0
827,disentería,0,0,0,"0,593"
828,disfrutando,0,0,"0,771",0
829,disfrutar,0,0,"0,812",0
830,disgustos,"0,469",0,0,"0,547"
831,disgusto,"0,469",0,0,"0,547"
832,disonancia,"0,53",0,0,0
833,disparar,"0,672","0,734",0,0
834,disparidad,"0,547",0,0,"0,531"
835,disputas,"0,531",0,0,0
836,disputa,"0,531",0,0,0
837,disturbio,"0,576","0,459",0,"0,484"
838,disturbios,"0,824","0,391",0,"0,351"
839,diversión,0,0,"0,719",0
840,divertidísimo,0,0,"0,672",0
841,divertida,0,0,"0,772",0
842,divertidas,0,0,"0,772",0
843,divertidos,0,0,"0,772",0
844,divertido,0,0,"0,772",0
845,divorcio,"0,516","0,484",0,"0,623"
846,dolorosa,"0,426","0,844",0,"0,75"
847,dolorosas,"0,426","0,844",0,"0,75"
848,dolorosos,"0,426","0,844",0,"0,75"
849,doloroso,"0,426","0,844",0,"0,75"
850,dominación,"0,688","0,566",0,"0,469"
851,dominar,"0,5","0,438",0,0
852,dragón,0,"0,594",0,0
853,drogada,0,0,0,"0,5"
854,drogadas,0,0,0,"0,5"
855,drogados,0,0,0,"0,5"
856,drogado,0,0,0,"0,5"
857,dulce,0,0,"0,625",0
858,dulces,0,0,"0,562",0
859,dulcísimo,0,0,"0,766",0
860,dulzura,0,0,"0,833",0
861,dureza,"0,597","0,516",0,0
862,edificante,0,0,"0,641",0
863,ejecución,"0,917","0,844",0,"0,859"
864,elación,0,0,"0,944",0
865,elegancia,0,0,"0,609",0
866,elegantes,0,0,"0,53",0
867,elegante,0,0,"0,53",0
868,eliminación,"0,456","0,588",0,"0,516"
869,élite,0,0,"0,547",0
870,embellecer,0,0,"0,601",0
871,embellecimiento,0,0,"0,703",0
872,embolia,0,"0,812",0,"0,531"
873,embolia,0,"0,516",0,0
874,emboscada,"0,661","0,688",0,0
875,emboscadas,"0,661","0,688",0,0
876,emergencia,0,"0,719",0,"0,641"
877,emetofobia,0,"0,656",0,0
878,emocionada,0,0,"0,859",0
879,emocionadas,0,0,"0,859",0
880,emocionado,0,0,"0,859",0
881,emocionados,0,0,"0,859",0
882,empeorar,0,0,0,"0,562"
883,empeorando,0,0,0,"0,562"
884,empequeñecer,"0,531","0,344",0,"0,672"
885,empujones,"0,672",0,0,0
886,empujón,"0,672",0,0,0
887,enamorada,0,0,"0,773",0
888,enamoradas,0,0,"0,773",0
889,enamorado,0,0,"0,773",0
890,enamorados,0,0,"0,773",0
891,encabronando,"0,779",0,0,0
892,encadenar,"0,641","0,609",0,"0,609"
893,encaja,"0,561",0,0,0
894,encantadísimo,0,0,"0,875",0
895,encantar,0,0,"0,734",0
896,encarcelada,"0,484","0,811",0,"0,688"
897,encarcelados,"0,484","0,811",0,"0,688"
898,encarcelado,"0,484","0,811",0,"0,688"
899,encarcelamiento,"0,578","0,625",0,"0,641"
900,enclenques,0,"0,406",0,"0,544"
901,enclenque,0,"0,406",0,"0,544"
902,encogerse,0,"0,578",0,"0,5"
903,encolerizada,"0,828",0,0,0
904,encolerizadas,"0,828",0,0,0
905,encolerizado,"0,828",0,0,0
906,encolerizados,"0,828",0,0,0
907,encolerizar,"0,812",0,0,0
908,endémico,0,"0,484",0,"0,5"
909,endocarditis,0,"0,531",0,"0,562"
910,enemistad,"0,51","0,547",0,"0,406"
911,enervada,0,"0,703",0,0
912,enervado,0,"0,703",0,0
913,enfados,"0,811",0,0,0
914,enfado,"0,811",0,0,0
915,enfermiza,0,0,0,"0,712"
916,enfermizas,0,0,0,"0,712"
917,enfermizos,0,0,0,"0,712"
918,enfermizo,0,0,0,"0,712"
919,enfermo,0,0,0,"0,531"
920,enfurece,"0,894",0,0,0
921,enfermos,0,0,0,"0,531"
922,enfurecer,"0,844",0,0,0
923,engañada,"0,562",0,0,"0,531"
924,engañadas,"0,562",0,0,"0,531"
925,engañados,"0,562",0,0,"0,531"
926,engañosa,"0,344",0,0,"0,562"
927,engañado,"0,562",0,0,"0,531"
928,engañosas,"0,344",0,0,"0,562"
929,engañosos,"0,344",0,0,"0,562"
930,enhorabuena,0,0,"0,712",0
931,engañoso,"0,344",0,0,"0,562"
932,enloquecerme,"0,688",0,0,0
933,enjuiciar,"0,63","0,609",0,"0,5"
934,enloquecida,0,"0,781",0,0
935,enloquecidas,0,"0,781",0,0
936,enloquecido,0,"0,781",0,0
937,enloquecido,"0,812",0,0,0
938,enloquecer,"0,719","0,5",0,0
939,enloquecidos,0,"0,781",0,0
940,enojadísimo,"0,913",0,0,0
941,enójame,"0,812",0,0,0
942,enojar,"0,812",0,0,0
943,enredada,"0,544","0,438",0,"0,377"
944,enorme,"0,672",0,0,0
945,enredadas,"0,544","0,438",0,"0,377"
946,enredados,"0,544","0,438",0,"0,377"
947,enterrada,0,"0,531",0,"0,703"
948,enredado,"0,544","0,438",0,"0,377"
949,ensueño,0,0,"0,636",0
950,enterradora,0,0,0,"0,538"
951,enterrado,0,"0,531",0,"0,703"
952,enterradores,0,0,0,"0,538"
953,entrada,"0,545",0,0,0
954,enterrador,0,0,0,"0,538"
955,entradas,"0,545",0,0,0
956,entrenimientos,0,0,"0,603",0
957,envenedados,"0,636","0,886",0,"0,667"
958,entretenimiento,0,0,"0,603",0
959,entusiasmo,0,0,"0,742",0
960,envenenada,"0,636","0,886",0,"0,667"
961,envenenadas,"0,636","0,886",0,"0,667"
962,erótica,0,0,"0,5",0
963,envenenado,"0,636","0,886",0,"0,667"
964,epidemia,"0,406","0,776",0,"0,688"
965,epitafio,0,0,0,"0,531"
966,eróticos,0,0,"0,5",0
967,escándalos,"0,424","0,547",0,"0,359"
968,erótico,0,0,"0,5",0
969,erradicación,"0,685","0,828",0,0
970,erradicar,"0,682",0,0,0
971,erupción,"0,667","0,672",0,0
972,escalar,"0,569",0,0,0
973,escandalosa,"0,574",0,0,0
974,escándalo,"0,424","0,547",0,"0,359"
975,escandalosas,"0,574",0,0,0
976,escandalosos,"0,574",0,0,0
977,esclava,"0,652","0,531",0,"0,797"
978,escandaloso,"0,574",0,0,0
979,escaramuza,"0,545",0,0,0
980,esclavas,"0,652","0,531",0,"0,797"
981,esclavizada,"0,625","0,781",0,"0,828"
982,esclavizado,"0,625","0,781",0,"0,828"
983,esclavizados,"0,625","0,781",0,"0,828"
984,esclavos,"0,652","0,531",0,"0,797"
985,escorpiones,"0,333","0,547",0,0
986,esclavo,"0,652","0,531",0,"0,797"
987,espanto,0,"0,797",0,0
988,escorpión,"0,333","0,547",0,0
989,embate,"0,5",0,0,0
990,elogio,0,0,"0,586",0
991,espantosa,0,"0,766",0,0
992,aterrado,0,"0,641",0,0
993,espantosamente,0,0,"0,703",0
994,espantosas,0,"0,766",0,0
995,espantosos,0,"0,766",0,0
996,espectacular,0,0,"0,912",0
997,esperanza,0,0,"0,586",0
998,espantoso,0,"0,766",0,0
999,especial,0,0,"0,574",0
1000,esperanzada,0,0,"0,559",0
1001,espeluznante,0,"0,703",0,0
1002,espléndida,0,0,"0,812",0
1003,espléndidas,0,0,"0,812",0
1004,esperanzado,0,0,"0,559",0
1005,espléndidos,0,0,"0,812",0
1006,espumoso,"0,5",0,0,0
1007,estrago,"0,641","0,719",0,0
1008,espléndido,0,0,"0,812",0
1009,esplendor,0,0,"0,788",0
1010,esposa,0,0,"0,507",0
1011,estresada,0,"0,578",0,0
1012,esquizofrenia,"0,369","0,703",0,"0,625"
1013,estallar,"0,742",0,0,0
1014,esterilidad,0,0,0,"0,641"
1015,estresadas,0,"0,578",0,0
1016,estragos,"0,641","0,719",0,0
1017,estrangular,"0,859","0,75",0,"0,703"
1018,estremecimiento,0,"0,578",0,0
1019,estresado,0,"0,578",0,0
1020,estresados,0,"0,578",0,0
1021,estruendosa,"0,625","0,625",0,0
1022,estruendosas,"0,625","0,625",0,0
1023,estridente,"0,547","0,453",0,0
1024,estruendosos,"0,625","0,625",0,0
1025,estrujando,0,"0,625",0,0
1026,estrujar,0,"0,625",0,0
1027,estúpida,"0,606",0,0,0
1028,estúpidas,"0,606",0,0,0
1029,estúpido,"0,606",0,0,0
1030,esvástica,"0,627","0,531",0,0
1031,estúpidos,"0,606",0,0,0
1032,euforia,0,0,"0,922",0
1033,evacuar,0,"0,578",0,0
1034,evasión,0,"0,562",0,"0,484"
1035,exacerbación,"0,531","0,516",0,0
1036,exaltación,0,0,"0,682",0
1037,exaltar,0,0,"0,636",0
1038,excelencia,0,0,"0,818",0
1039,excelente,0,0,"0,812",0
1040,excitación,"0,172","0,391","0,891",0
1041,excitar,"0,191","0,132","0,697",0
1042,eutanasia,0,"0,594",0,"0,927"
1043,excluida,0,0,0,"0,609"
1044,excluidas,0,0,0,"0,609"
1045,excluido,0,0,0,"0,609"
1046,exclusión,0,"0,636",0,"0,5"
1047,exilio,"0,469","0,516",0,"0,742"
1048,excluidos,0,0,0,"0,609"
1049,éxito,0,0,"0,797",0
1050,éxitos,0,0,"0,797",0
1051,exitosa,0,0,"0,606",0
1052,exitosas,0,0,"0,606",0
1053,exitoso,0,0,"0,606",0
1054,exorcismo,0,"0,8",0,"0,641"
1055,expirar,0,0,0,"0,562"
1056,expletivo,"0,672",0,0,0
1057,explosivo,"0,894","0,859",0,0
1058,explotar,"0,859","0,828",0,"0,5"
1059,exitosos,0,0,"0,606",0
1060,exprimir,"0,641","0,547",0,"0,469"
1061,exprimiendo,0,"0,625",0,0
1062,éxtasis,0,0,"0,906",0
1063,extático,0,0,"0,954",0
1064,exterminar,0,"0,81",0,"0,736"
1065,exquisito,0,0,"0,688",0
1066,exterminio,"0,824","0,797",0,0
1067,exterminios,"0,824","0,797",0,0
1068,extinguida,0,"0,656",0,0
1069,extinguidas,0,"0,656",0,0
1070,extinguido,0,"0,656",0,0
1071,extinguidos,0,"0,656",0,0
1072,exuberancia,0,0,"0,922",0
1073,extinto,0,0,0,"0,703"
1074,fabulosa,0,0,"0,922",0
1075,fabulosas,0,0,"0,922",0
1076,fabuloso,0,0,"0,922",0
1077,fabulosos,0,0,"0,922",0
1078,fácil,0,0,"0,875",0
1079,facilísimo,0,0,"0,875",0
1080,fallecida,0,0,0,"0,891"
1081,fallecidas,0,0,0,"0,891"
1082,fallecido,0,0,0,"0,891"
1083,fallecimiento,0,"0,641",0,"0,717"
1084,falta,"0,545","0,25",0,0
1085,fallecidos,0,0,0,"0,891"
1086,fantasmal,0,"0,754",0,0
1087,fatal,"0,712","0,828",0,"0,922"
1088,fatalidad,0,"0,906",0,"0,766"
1089,familia,0,0,"0,5",0
1090,favorable,0,0,"0,561",0
1091,favorables,0,0,"0,561",0
1092,favorecida,0,0,"0,781",0
1093,favorecidas,0,0,"0,781",0
1094,favorecido,0,0,"0,781",0
1095,favorecidos,0,0,"0,781",0
1096,favorita,0,0,"0,844",0
1097,favoritas,0,0,"0,844",0
1098,favorito,0,0,"0,688",0
1099,fealdad,0,"0,41",0,"0,609"
1100,felicidad,0,0,"0,909",0
1101,favoritos,0,0,"0,688",0
1102,felicitación,0,0,"0,773",0
1103,feliz,0,0,"0,879",0
1104,felicitaciones,0,0,"0,773",0
1105,felizmente,0,0,"0,922",0
1106,felón,0,"0,672",0,0
1107,féretro,0,"0,422",0,"0,5"
1108,ferocidad,"0,818",0,0,0
1109,feliz año,0,0,"0,656",0
1110,festival,0,0,"0,625",0
1111,festivo,0,0,"0,833",0
1112,feudo,"0,641",0,0,0
1113,fervor,"0,5",0,"0,295",0
1114,fiel,0,0,"0,529",0
1115,fiesta,0,0,"0,562",0
1116,fiestas,0,0,"0,562",0
1117,flor,0,0,"0,53",0
1118,florecer,0,0,"0,5",0
1119,flores,0,0,"0,53",0
1120,fobia,0,"0,719",0,0
1121,fobias,0,"0,719",0,0
1122,follarse,"0,575",0,0,0
1123,fortuna,0,0,"0,591",0
1124,fortalecimiento,0,0,"0,516",0
1125,fortunas,0,0,"0,652",0
1126,forzada,0,"0,569",0,0
1127,forzadas,0,"0,569",0,0
1128,forzado,0,"0,569",0,0
1129,forzados,0,"0,569",0,0
1130,forzar,"0,424","0,516",0,0
1131,forzosamente,"0,591","0,7",0,0
1132,frenéticamente,0,"0,717",0,0
1133,freza,"0,641",0,0,0
1134,friki,0,"0,703",0,0
1135,frustaciones,"0,576",0,0,0
1136,frustración,"0,576",0,0,0
1137,frustadas,"0,636",0,0,0
1138,frustra,"0,547",0,0,0
1139,frustrada,"0,636",0,0,0
1140,frustrado,"0,636",0,0,0
1141,frustrados,"0,636",0,0,0
1142,frustrar,"0,604",0,0,"0,469"
1143,fuego,0,"0,636",0,0
1144,fuelle,"0,562",0,0,0
1145,frustrante,"0,515",0,0,0
1146,fugitiva,"0,438","0,703",0,"0,438"
1147,fugitivas,"0,438","0,703",0,"0,438"
1148,fugitivo,"0,438","0,703",0,"0,438"
1149,funeral,0,0,0,"0,844"
1150,furia,"0,922","0,672",0,"0,406"
1151,fugitivos,"0,438","0,703",0,"0,438"
1152,furiosa,"0,812",0,0,0
1153,furiosas,"0,812",0,0,0
1154,furioso,"0,812",0,0,0
1155,furor,"0,9",0,0,0
1156,furiosos,"0,812",0,0,0
1157,furtivismo,"0,515","0,484",0,"0,594"
1158,furtivo,"0,515",0,0,0
1159,furtivos,"0,515",0,0,0
1160,ganadora,0,0,"0,636",0
1161,ganadoras,0,0,"0,636",0
1162,ganador,0,0,"0,636",0
1163,ganadores,0,0,"0,636",0
1164,ganancias,0,0,"0,609",0
1165,ganar,0,0,"0,727",0
1166,ganancia,0,0,"0,609",0
1167,garras,"0,297","0,547",0,0
1168,garra,"0,297","0,547",0,0
1169,generosa,0,0,"0,609",0
1170,generosas,0,0,"0,609",0
1171,generoso,0,0,"0,609",0
1172,genial,0,0,"0,621",0
1173,generosos,0,0,"0,609",0
1174,genialidad,0,0,"0,926",0
1175,genocidio,0,"0,785",0,0
1176,gimoteo,0,0,0,"0,578"
1177,gilipollas,"0,75",0,0,0
1178,gloria,0,0,"0,859",0
1179,glorificación,0,0,"0,733",0
1180,glorificar,0,0,"0,781",0
1181,gilipollas,"0,75",0,0,0
1182,glorias,0,0,"0,859",0
1183,gloriosa,0,0,"0,812",0
1184,gloriosas,0,0,"0,812",0
1185,glorioso,0,0,"0,812",0
1186,gloriosos,0,0,"0,812",0
1187,golpear,"0,734","0,562",0,"0,344"
1188,golosina,0,0,"0,594",0
1189,gonorrea,"0,424","0,547",0,"0,5"
1190,gota,0,"0,5",0,0
1191,golosinas,0,0,"0,594",0
1192,golpeteo,0,"0,594",0,0
1193,gracia,0,0,"0,576",0
1194,granada,0,"0,828",0,0
1195,gran día,0,"0,109","0,812",0
1196,grandeza,0,0,"0,75",0
1197,granadas,0,"0,828",0,0
1198,grandezas,0,0,"0,75",0
1199,gratitud,0,0,"0,914",0
1200,gratificante,0,0,"0,742",0
1201,grave,"0,632","0,516",0,"0,704"
1202,gravoso,0,"0,422",0,"0,634"
1203,gratis,0,0,"0,544",0
1204,graves,"0,632","0,516",0,"0,704"
1205,gruñendo,"0,697",0,0,0
1206,gritando,"0,742","0,781",0,0
1207,gritar,"0,742","0,781",0,0
1208,gruñido,"0,649",0,0,0
1209,guarida,0,"0,641",0,0
1210,gruñidos,"0,649",0,0,0
1211,gruñir,"0,75","0,547",0,0
1212,guerrilla,0,"0,688",0,0
1213,guillotina,"0,591","0,859",0,"0,446"
1214,gusto,0,0,"0,562",0
1215,guay,0,0,"0,636",0
1216,guerrillas,0,"0,688",0,0
1217,hambruna,0,0,0,"0,812"
1218,hacer añicos,"0,561","0,672",0,"0,609"
1219,halagüeña,0,0,"0,576",0
1220,halagüeño,0,0,"0,576",0
1221,hemorragia,0,"0,807",0,"0,75"
1222,heraldo,"0,426","0,531",0,0
1223,harta,"0,734",0,0,0
1224,harto,"0,734",0,0,0
1225,herido,0,"0,592",0,0
1226,hartos,"0,734",0,0,0
1227,herida,0,"0,592",0,0
1228,heridos,0,"0,592",0,0
1229,hermosa,0,0,"0,781",0
1230,hermosas,0,0,"0,781",0
1231,hermoso,0,0,"0,781",0
1232,héroe,0,0,"0,562",0
1233,hermosos,0,0,"0,781",0
1234,héroes,0,0,"0,562",0
1235,heroico,0,0,"0,591",0
1236,heroísmo,0,0,"0,576",0
1237,hidrocefalia,0,"0,453",0,"0,547"
1238,heroica,0,0,"0,591",0
1239,heroicos,0,0,"0,591",0
1240,heroína,0,0,"0,562",0
1241,hija,0,0,"0,547",0
1242,hilaridad,0,0,"0,606",0
1243,hipertrofia,0,"0,594",0,0
1244,hijas,0,0,"0,547",0
1245,hijo,0,0,"0,547",0
1246,hijos,0,0,"0,547",0
1247,hiperventilando,0,"0,762",0,0
1248,histeria,0,"0,797",0,0
1249,hiperventilar,0,"0,734",0,0
1250,hipócrita,"0,531",0,0,0
1251,hipócritas,"0,531",0,0,0
1252,histérico,"0,453","0,703",0,0
1253,histérica,"0,453","0,703",0,0
1254,histéricas,"0,453","0,703",0,0
1255,histéricos,"0,453","0,703",0,0
1256,holocausto,0,0,0,"0,953"
1257,homicida,"0,906","0,959",0,0
1258,homicidio,"0,803","0,859",0,"0,844"
1259,hogar,0,0,"0,826",0
1260,holocausto,"0,712","0,785",0,0
1261,holocausto,0,"0,906",0,0
1262,honrada,0,0,"0,688",0
1263,horca,"0,57","0,686",0,"0,797"
1264,honradas,0,0,"0,688",0
1265,honrado,0,0,"0,688",0
1266,honrados,0,0,"0,688",0
1267,horrendo,"0,773","0,969",0,"0,844"
1268,horripilante,0,"0,906",0,"0,907"
1269,horror,"0,75","0,797",0,0
1270,horrenda,"0,773","0,969",0,"0,844"
1271,horrendas,"0,773","0,969",0,"0,844"
1272,horrores,0,"0,906",0,"0,828"
1273,horrendos,"0,773","0,969",0,"0,844"
1274,horror,0,"0,923",0,0
1275,horror,0,0,0,"0,719"
1276,horrorizado,0,"0,922",0,0
1277,horrorizada,0,"0,922",0,0
1278,horrorizadas,0,"0,922",0,0
1279,horrorizados,0,"0,922",0,0
1280,horrorosa,0,"0,703",0,0
1281,horroroso,0,"0,703",0,0
1282,hospicio,0,0,0,"0,688"
1283,hostilidad,"0,859",0,0,0
1284,hostilidades,"0,837","0,586",0,0
1285,huelga,"0,721",0,0,0
1286,horrorosamente,0,"0,796",0,"0,797"
1287,horrorosas,0,"0,703",0,0
1288,horrorosos,0,"0,703",0,0
1289,huérfano,0,"0,453",0,"0,906"
1290,huérfana,0,"0,453",0,"0,734"
1291,huérfanas,0,"0,453",0,"0,734"
1292,huérfanos,0,"0,453",0,"0,734"
1293,huida,0,"0,534",0,"1,068"
1294,huir,0,"0,594",0,"0,562"
1295,humillar,"0,545",0,0,"0,703"
1296,huidas,0,"0,534",0,0
1297,humorístico,0,0,"0,562",0
1298,huracán,0,"0,811",0,0
1299,huido,0,"0,534",0,0
1300,hurra,0,0,"0,636",0
1301,idiota,"0,516",0,0,0
1302,huidos,0,"0,534",0,0
1303,humor,0,0,"0,656",0
1304,iluminación,0,0,"0,53",0
1305,huracanes,0,"0,75",0,0
1306,imbécil,"0,621",0,0,0
1307,idiotas,"0,561",0,0,0
1308,impío,"0,453","0,575",0,"0,5"
1309,ilumina,0,0,"0,682",0
1310,ilustración,0,0,"0,609",0
1311,imbéciles,"0,712",0,0,0
1312,imposible,0,0,0,"0,5"
1313,imposición,0,"0,578",0,"0,562"
1314,impotente,"0,203","0,562",0,"0,641"
1315,imponente,0,"0,5",0,0
1316,imponentes,0,"0,5",0,0
1317,imposibles,0,0,0,"0,5"
1318,inaguantable,0,0,0,"0,83"
1319,inanición,0,"0,719",0,"0,819"
1320,improperio,0,"0,516",0,0
1321,improperios,0,"0,516",0,0
1322,inaguantables,0,0,0,"0,83"
1323,inanimada,0,"0,781",0,"0,797"
1324,inanimadas,0,"0,781",0,"0,797"
1325,incendiario,"0,533","0,625",0,0
1326,incesto,"0,485","0,571",0,"0,75"
1327,incienso,"0,656",0,"0,234",0
1328,incitar,"0,469","0,516",0,0
1329,inanimado,0,"0,781",0,"0,797"
1330,inanimados,0,"0,781",0,"0,797"
1331,inconcebible,"0,406","0,516",0,0
1332,incautación,0,"0,719",0,0
1333,incorpóreo,0,"0,531",0,"0,66"
1334,incriminación,0,"0,562",0,"0,545"
1335,íncubo,0,"0,562",0,0
1336,incomodidad,0,0,0,"0,5"
1337,incumplido,"0,225",0,0,"0,547"
1338,inconcebibles,"0,406","0,516",0,0
1339,incurable,"0,379","0,797",0,"0,703"
1340,incursión,"0,279","0,531",0,0
1341,incorpóreos,0,"0,531",0,"0,66"
1342,independencia,0,0,"0,607",0
1343,incumplida,"0,225",0,0,"0,547"
1344,indeseable,"0,231","0,328",0,"0,578"
1345,incurables,"0,379","0,797",0,"0,703"
1346,independencias,0,0,"0,607",0
1347,indeseables,"0,231","0,328",0,"0,578"
1348,indeseada,0,0,0,"0,625"
1349,indigente,"0,288","0,609",0,"0,734"
1350,indignación,"0,587",0,0,0
1351,indeseadas,0,0,0,"0,625"
1352,indispuesto,"0,781",0,0,"0,578"
1353,indeseado,0,0,0,"0,625"
1354,inestabilidad,0,"0,5",0,0
1355,inexcusable,"0,641",0,0,"0,379"
1356,infanticidio,"0,688","0,609",0,0
1357,indeseados,0,0,0,"0,625"
1358,infarto,0,"0,5",0,0
1359,indispuesta,"0,781",0,0,"0,578"
1360,infección,0,"0,625",0,0
1361,inerte,0,"0,781",0,"0,797"
1362,infeccioso,0,"0,703",0,"0,483"
1363,infartos,0,"0,5",0,0
1364,infecciones,0,"0,625",0,0
1365,infeliz,"0,412",0,0,"0,75"
1366,infernal,"0,781","0,828",0,"0,738"
1367,infestación,0,"0,716",0,0
1368,infidelidad,"0,429","0,469",0,"0,688"
1369,infecciosa,0,"0,703",0,"0,483"
1370,infiel,"0,47","0,594",0,0
1371,infelices,"0,412",0,0,"0,75"
1372,inhumanidad,0,0,0,"0,804"
1373,inhumano,"0,485","0,625",0,"0,703"
1374,injustificable,"0,53","0,344",0,0
1375,infelicidad,0,0,"0,016","0,839"
1376,infieles,"0,47","0,594",0,0
1377,inhabilitar,0,"0,558",0,"0,529"
1378,injusto,"0,571",0,0,0
1379,injusta,"0,571",0,0,0
1380,inmersión,0,"0,547",0,0
1381,inmoral,"0,591","0,41",0,"0,578"
1382,injustas,"0,571",0,0,0
1383,injustos,"0,571",0,0,0
1384,inmejorable,0,0,"0,647",0
1385,insano,"0,621","0,656",0,0
1386,inservible,"0,438",0,0,"0,609"
1387,insidioso,"0,691","0,516",0,0
1388,insidiosa,"0,691","0,516",0,0
1389,insignificante,"0,5",0,0,"0,288"
1390,insidiosas,"0,691","0,516",0,0
1391,insidiosos,"0,691","0,516",0,0
1392,insignificantes,"0,5",0,0,"0,288"
1393,inspirado,0,0,"0,606",0
1394,insoportable,"0,545",0,0,0
1395,inspección,0,"0,483","0,725",0
1396,inspirar,0,0,"0,594",0
1397,insultante,"0,652","0,435",0,"0,391"
1398,insulto,"0,603",0,0,0
1399,inspirada,0,0,"0,606",0
1400,insuperable,0,"0,609",0,"0,625"
1401,insurrección,"0,652",0,0,0
1402,interrogatorio,0,"0,609",0,0
1403,íntimamente,0,"0,156","0,507",0
1404,intimidación,"0,703","0,559",0,0
1405,intimidar,0,"0,641",0,0
1406,inspirador,0,0,"0,531",0
1407,inspiradora,0,0,"0,531",0
1408,insuperables,0,"0,609",0,"0,625"
1409,íntimo,0,0,"0,71",0
1410,íntima,0,0,"0,71",0
1411,intolerable,"0,609",0,0,0
1412,íntimas,0,0,"0,71",0
1413,intolerancia,"0,469","0,516",0,0
1414,íntimos,0,0,"0,71",0
1415,intolerante,"0,564","0,5",0,"0,5"
1416,intolerables,"0,609",0,0,0
1417,intratable,"0,5",0,0,0
1418,intolerancias,"0,469","0,516",0,0
1419,intolerantes,"0,564","0,5",0,"0,5"
1420,inútil,"0,578",0,0,"0,394"
1421,intratables,"0,5",0,0,0
1422,inundar,0,"0,547",0,0
1423,invasión,"0,594","0,656",0,0
1424,inútiles,"0,578",0,0,"0,394"
1425,invasor,"0,588","0,766",0,"0,42"
1426,invalorable,0,0,"0,641",0
1427,inyección,0,"0,609",0,0
1428,invasiones,"0,594","0,656",0,0
1429,irreconciliable,"0,543","0,438",0,"0,594"
1430,invasores,"0,588","0,766",0,"0,42"
1431,irreparable,0,"0,625",0,"0,609"
1432,inyecciones,0,"0,609",0,0
1433,irreconciliables,"0,543","0,438",0,"0,594"
1434,irreparables,0,"0,625",0,"0,609"
1435,irrespetuoso,"0,516","0,343",0,"0,5"
1436,irritabilidad,"0,609",0,0,0
1437,irrespetuosa,"0,516","0,343",0,"0,5"
1438,irritable,"0,667",0,0,0
1439,irrespetuosas,"0,516","0,343",0,"0,5"
1440,irritante,"0,606",0,0,0
1441,irrespetuosos,"0,516","0,343",0,"0,5"
1442,irritables,"0,667",0,0,0
1443,irritantes,"0,606",0,0,0
1444,irritar,"0,621",0,0,0
1445,jaranear,0,0,"0,534",0
1446,jovial,0,0,"0,814",0
1447,joder,"0,812",0,0,0
1448,joya,0,0,"0,5",0
1449,jódete,"0,886",0,0,0
1450,jubiloso,0,0,"0,606",0
1451,joyas,0,0,"0,5",0
1452,júbilo,0,0,"0,909",0
1453,juguetona,"0,061",0,"0,609",0
1454,juguetón,"0,061",0,"0,609",0
1455,juguetonas,"0,061",0,"0,609",0
1456,juguetones,"0,061",0,"0,609",0
1457,juicio,"0,386","0,562",0,"0,344"
1458,juicios,"0,386","0,562",0,"0,344"
1459,lamentablemente,0,0,0,"0,672"
1460,lamentando,0,0,0,"0,688"
1461,lamentándose,0,0,0,"0,656"
1462,lamentar,0,0,0,"0,625"
1463,lamento,0,"0,422",0,"0,636"
1464,lágrima,0,0,0,"0,656"
1465,languideciendo,0,"0,358",0,"0,609"
1466,lástima,0,0,0,"0,547"
1467,lastimando,"0,712","0,672",0,"0,625"
1468,latigazo,"0,578","0,484",0,0
1469,lagrimas,0,0,0,"0,656"
1470,látigo,"0,531",0,0,0
1471,languidecer,0,"0,358",0,"0,609"
1472,laureles,0,0,"0,521",0
1473,lava,"0,234","0,588",0,0
1474,látigos,"0,531",0,0,0
1475,lesión,"0,469","0,672",0,"0,562"
1476,laurel,0,0,"0,521",0
1477,lepra,0,"0,766",0,"0,719"
1478,lesionada,0,"0,719",0,"0,609"
1479,lesionadas,0,"0,719",0,"0,609"
1480,lesionar,"0,625","0,625",0,"0,609"
1481,letal,0,"0,806",0,"0,797"
1482,leucemia,"0,365","0,688",0,"0,797"
1483,lesionado,0,"0,719",0,"0,609"
1484,lesionados,0,"0,719",0,"0,609"
1485,levantamiento,"0,531","0,545",0,0
1486,libertinaje,0,"0,656",0,0
1487,libremente,0,0,"0,606",0
1488,ligar,0,0,"0,594",0
1489,linchar,"0,69","0,719",0,"0,773"
1490,lívido,"0,821",0,0,0
1491,llanto,0,0,0,"0,896"
1492,llorar,0,0,0,"0,719"
1493,levantado,0,0,"0,547",0
1494,levantar,0,0,"0,547",0
1495,loable,0,0,"0,609",0
1496,llorado,0,0,0,"0,719"
1497,llorando,0,0,0,"0,781"
1498,loables,0,0,"0,609",0
1499,locas,"0,5","0,519",0,"0,368"
1500,loca,"0,5","0,519",0,"0,368"
1501,logrado,0,0,"0,5",0
1502,lograr,0,0,"0,641",0
1503,lujo,0,0,"0,712",0
1504,loco,"0,5","0,519",0,"0,368"
1505,locos,"0,5","0,519",0,"0,368"
1506,lúgrubes,0,0,0,"0,656"
1507,lunática,"0,688","0,656",0,0
1508,luto,0,0,0,"0,969"
1509,lunáticas,"0,688","0,656",0,0
1510,lunático,"0,688","0,656",0,0
1511,maestría,"0,25",0,"0,53",0
1512,lunáticos,"0,688","0,656",0,0
1513,mafia,0,"0,734",0,0
1514,madurar,"0,788",0,0,0
1515,madure,"0,788",0,0,0
1516,mafias,0,"0,734",0,0
1517,magia,0,0,"0,712",0
1518,mágico,0,0,"0,742",0
1519,mágica,0,0,"0,742",0
1520,magnificencia,0,0,"0,797",0
1521,mágicas,0,0,"0,742",0
1522,mágicos,0,0,"0,742",0
1523,magnificiencias,0,0,"0,797",0
1524,majestuoso,0,0,"0,682",0
1525,malaria,0,"0,609",0,"0,547"
1526,maldad,"0,536","0,539",0,0
1527,magrear,"0,576","0,453",0,0
1528,maldiciendo,"0,625",0,0,0
1529,maldición,"0,394","0,578",0,"0,608"
1530,majestuosa,0,0,"0,682",0
1531,malestar,0,0,0,"0,547"
1532,majestuosos,0,0,"0,682",0
1533,maldecir,"0,625",0,0,0
1534,maldición,"0,688",0,0,0
1535,malhumorada,"0,562",0,0,0
1536,malicia,"0,852","0,625",0,0
1537,malhumoradas,"0,562",0,0,0
1538,malhumorado,"0,562",0,0,0
1539,malhumorados,"0,562",0,0,0
1540,malicioso,"0,859","0,656",0,"0,719"
1541,malignidad,0,"0,742",0,"0,803"
1542,maliciosa,"0,859","0,656",0,"0,719"
1543,maliciosas,"0,859","0,656",0,"0,719"
1544,maliciosos,"0,859","0,656",0,"0,719"
1545,malvado,0,"0,625",0,0
1546,malvada,0,"0,625",0,0
1547,malvadas,0,"0,625",0,0
1548,malvados,0,"0,625",0,0
1549,maniática,"0,653",0,0,0
1550,manifestación,0,"0,531",0,0
1551,manipulación,"0,603","0,531",0,0
1552,maniáticas,"0,653",0,0,0
1553,maniático,"0,653",0,0,0
1554,maniáticos,"0,653",0,0,0
1555,manosear,"0,576","0,453",0,0
1556,marchitar,0,0,0,"0,516"
1557,marcado,"0,556",0,0,0
1558,marcha,0,0,"0,912",0
1559,marchas,0,0,"0,912",0
1560,mareada,0,0,"0,757",0
1561,mareadas,0,0,"0,757",0
1562,mártir,0,"0,562",0,"0,556"
1563,martirio,0,"0,562",0,"0,594"
1564,apalear,"0,636","0,453",0,0
1565,mareado,0,0,"0,757",0
1566,masacre,"0,882","0,911",0,"0,931"
1567,mareados,0,0,"0,757",0
1568,martilleo,"0,5",0,0,0
1569,masoquismo,"0,556","0,594",0,0
1570,matadero,"0,788","0,859",0,"0,703"
1571,matar,"0,719","0,962",0,"0,797"
1572,maternidad,0,0,"0,5",0
1573,mausoleo,0,0,0,"0,63"
1574,masacres,"0,882","0,911",0,"0,931"
1575,máscara,0,"0,562",0,0
1576,máscaras,0,"0,562",0,0
1577,melancolía,0,0,0,"0,621"
1578,mazmorra,0,"0,672",0,0
1579,mazmorras,0,"0,672",0,0
1580,memorable,0,0,"0,5",0
1581,mejor,0,0,"0,766",0
1582,menospreciar,"0,688",0,0,"0,672"
1583,melé,0,"0,734",0,0
1584,mercenario,0,"0,625",0,0
1585,memorables,0,0,"0,5",0
1586,meritorio,0,0,"0,5",0
1587,memorial,0,0,0,"0,547"
1588,metralla,0,"0,688",0,0
1589,miedo,0,"0,75",0,0
1590,mercenarios,0,"0,625",0,0
1591,meritorios,0,0,"0,5",0
1592,mierdón,"0,81",0,0,0
1593,milagro,0,0,"0,742",0
1594,metrallas,0,"0,688",0,0
1595,miedos,0,"0,75",0,0
1596,mierda,"0,81",0,0,0
1597,milagros,0,0,"0,758",0
1598,milagroso,0,0,"0,773",0
1599,milicia,"0,375","0,672",0,"0,344"
1600,milagrosa,0,0,"0,773",0
1601,milagrosas,0,0,"0,773",0
1602,milagrosos,0,0,"0,773",0
1603,militante,0,"0,672",0,0
1604,miserable,"0,594",0,0,"0,844"
1605,militantes,0,"0,672",0,0
1606,miseria,"0,547","0,734",0,"0,938"
1607,misil,0,"0,734",0,0
1608,misántropo,"0,667",0,0,0
1609,miserables,"0,594",0,0,"0,844"
1610,miserias,"0,547","0,734",0,"0,938"
1611,misiles,0,"0,934",0,0
1612,mojón,"0,719",0,0,0
1613,molesta,"0,588",0,0,0
1614,molestar,"0,848",0,0,0
1615,molestas,"0,588",0,0,0
1616,monstruosidad,"0,574","0,797",0,0
1617,mórbido,0,0,0,"0,828"
1618,morbosidad,"0,594","0,82",0,"0,864"
1619,morgue,0,"0,844",0,"0,734"
1620,morir,0,"0,766",0,"0,773"
1621,mortal,"0,758","0,875",0,"0,898"
1622,molestísimo,"0,588",0,0,0
1623,mortificación,0,"0,719",0,"0,802"
1624,mortuorio,0,"0,75",0,"0,797"
1625,molesto,"0,588",0,0,0
1626,motín,"0,727","0,734",0,0
1627,molestos,"0,588",0,0,0
1628,morir,0,0,0,"0,906"
1629,mortalidad,"0,312","0,797",0,"0,5"
1630,motines,"0,727","0,734",0,0
1631,muerte,"0,574","0,843",0,"0,915"
1632,multitud,"0,538","0,577",0,0
1633,mueca,0,0,"0,672",0
1634,muecas,0,0,"0,672",0
1635,muérdago,0,0,"0,547",0
1636,música,0,0,"0,531","0,016"
1637,mutilación,"0,714","0,906",0,"0,828"
1638,mutilar,"0,714","0,672",0,"0,656"
1639,nada,0,0,0,"0,594"
1640,muertes,"0,574","0,843",0,"0,915"
1641,murió,0,0,0,"0,906"
1642,naufragio,0,"0,766",0,"0,562"
1643,músicas,0,0,"0,531","0,016"
1644,naturaleza,0,0,"0,5",0
1645,naufragios,0,"0,766",0,"0,562"
1646,navajazo,"0,571",0,0,0
1647,navajazos,"0,571",0,0,0
1648,navidad,0,0,"0,859",0
1649,navideño,0,0,"0,779",0
1650,negado,0,0,0,"0,578"
1651,negar,0,0,0,"0,578"
1652,negativo,0,0,0,"0,5"
1653,negativa,0,0,0,"0,5"
1654,nerviosismo,0,"0,627",0,0
1655,neumonía,0,"0,625",0,0
1656,neuralgia,0,"0,547",0,"0,422"
1657,neurosis,0,"0,656",0,"0,531"
1658,negativas,0,0,0,"0,5"
1659,negativos,0,0,0,"0,5"
1660,negligencia,"0,5",0,0,0
1661,neurótico,0,"0,703",0,0
1662,neurótica,0,"0,703",0,0
1663,neuróticas,0,"0,703",0,0
1664,neuróticos,0,"0,703",0,0
1665,nietos,0,0,"0,54",0
1666,nieta,0,0,"0,54",0
1667,nietas,0,0,"0,54",0
1668,nieto,0,0,"0,54",0
1669,nocivo,0,"0,547",0,0
1670,nochebuena,0,0,"0,656",0
1671,nociva,0,"0,547",0,0
1672,nocivos,0,"0,547",0,0
1673,nostálgico,0,0,"0,439","0,531"
1674,nupcial,0,0,"0,531",0
1675,obliteración,0,"0,75",0,"0,75"
1676,obliterar,"0,843","0,766",0,"0,594"
1677,obscenidad,"0,641",0,0,0
1678,obsesionado,0,"0,578",0,"0,422"
1679,nostálgica,0,0,"0,439","0,531"
1680,obstructivo,"0,542",0,0,0
1681,obstruir,"0,5","0,438",0,0
1682,ocio,0,0,"0,515",0
1683,nostálgicas,0,0,"0,439","0,531"
1684,nostálgicos,0,0,"0,439","0,531"
1685,obsesionarse,0,0,0,"0,562"
1686,oculto,0,"0,559",0,0
1687,oculta,0,"0,559",0,0
1688,odiando,"0,828",0,0,0
1689,odio,"0,818",0,0,0
1690,ofender,"0,75",0,0,0
1691,ocultas,0,"0,559",0,0
1692,ocultos,0,"0,559",0,0
1693,odiar,"0,828",0,0,0
1694,ofendido,"0,652",0,0,"0,5"
1695,ofendida,"0,652",0,0,"0,5"
1696,ofendidas,"0,652",0,0,"0,5"
1697,ofendidos,"0,652",0,0,"0,5"
1698,ofensiva,"0,549",0,0,0
1699,ogro,0,"0,609",0,0
1700,ofensivas,"0,549",0,0,0
1701,olvidado,0,"0,266",0,"0,53"
1702,olvido,"0,437","0,609",0,0
1703,ominoso,0,"0,594",0,0
1704,opresión,"0,603","0,688",0,"0,812"
1705,ofensivo,"0,549",0,0,0
1706,ofensivos,"0,549",0,0,0
1707,olvidar,0,"0,266",0,"0,53"
1708,opresivo,"0,574","0,656",0,"0,625"
1709,opresor,"0,609","0,609",0,"0,703"
1710,oprimir,"0,49","0,516",0,"0,664"
1711,optimismo,0,0,"0,703",0
1712,opresiva,"0,574","0,656",0,"0,625"
1713,opresivas,"0,574","0,656",0,"0,625"
1714,opresivos,"0,574","0,656",0,"0,625"
1715,optimista,0,0,"0,723",0
1716,orgasmo,0,0,"0,765",0
1717,orgullo,0,0,"0,516",0
1718,optimistas,0,0,"0,723",0
1719,ordalía,"0,5",0,0,0
1720,ordalías,"0,5",0,0,0
1721,orgulloso,0,0,"0,704",0
1722,orgullosa,0,0,"0,704",0
1723,orgullosas,0,0,"0,704",0
1724,orgullosos,0,0,"0,704",0
1725,oscurecido,0,"0,61",0,"0,438"
1726,oscuridad,"0,547",0,0,0
1727,oscura,0,0,0,"0,545"
1728,oscuras,0,0,0,"0,545"
1729,oscurecida,0,"0,61",0,"0,438"
1730,oscuro,0,0,0,"0,545"
1731,oscurecidas,0,"0,61",0,"0,438"
1732,oscurecidos,0,"0,61",0,"0,438"
1733,osuno,"0,562","0,344",0,0
1734,oscuros,0,0,0,"0,545"
1735,oso,"0,266","0,524",0,0
1736,osos,"0,266","0,524",0,0
1737,pacífica,0,0,"0,636",0
1738,pacífico,0,0,"0,636",0
1739,pacíficamente,0,0,"0,594",0
1740,pacíficas,0,0,"0,636",0
1741,pacíficos,0,0,"0,636",0
1742,pandemia,0,"0,664",0,"0,75"
1743,pandilla,"0,609","0,672",0,0
1744,pánico,0,"0,844",0,0
1745,paliza,"0,849","0,609",0,"0,652"
1746,palizas,"0,849","0,609",0,"0,652"
1747,pandemias,0,"0,664",0,"0,75"
1748,paraíso,0,0,"0,833",0
1749,paralizada,"0,333","0,859",0,"0,703"
1750,paralizadas,"0,333","0,859",0,"0,703"
1751,paralizado,"0,333","0,859",0,"0,703"
1752,paranoia,0,"0,594",0,0
1753,paralizados,"0,333","0,859",0,"0,703"
1754,paralizar,0,"0,828",0,0
1755,paranoias,0,"0,594",0,0
1756,paranoica,0,"0,688",0,0
1757,marginado,0,"0,388",0,"0,672"
1758,paranoicas,0,"0,688",0,0
1759,parodia,0,"0,562",0,"0,688"
1760,pasión,0,0,"0,603",0
1761,paranoico,0,"0,688",0,0
1762,patada,"0,667",0,0,0
1763,paranoicos,0,"0,688",0,0
1764,pateando,"0,636",0,0,0
1765,parodias,0,"0,562",0,"0,688"
1766,patadas,"0,667",0,0,0
1767,patear,"0,636",0,0,0
1768,patético,0,0,0,"0,688"
1769,patética,0,0,0,"0,688"
1770,paz,0,0,"0,576",0
1771,patéticas,0,0,0,"0,688"
1772,patéticos,0,0,0,"0,688"
1773,pavor,0,"0,859",0,0
1774,pecador,"0,331","0,483",0,"0,609"
1775,pecadora,"0,331","0,483",0,"0,609"
1776,pecadoras,"0,331","0,483",0,"0,609"
1777,pecaminoso,"0,491","0,5",0,"0,641"
1778,pecadores,"0,331","0,483",0,"0,609"
1779,pelearse,"0,861","0,688",0,0
1780,pelea,"0,803",0,0,0
1781,pecaminosa,"0,491","0,5",0,"0,641"
1782,pecaminosos,"0,491","0,5",0,"0,641"
1783,penetración,"0,422","0,531",0,0
1784,pelear,"0,861","0,688",0,0
1785,penitencia,0,"0,406",0,"0,531"
1786,dolorosamente,0,0,0,"0,758"
1787,peleas,"0,803",0,0,0
1788,peligrosamente,0,"0,766",0,0
1789,penitencias,0,"0,406",0,"0,531"
1790,perecer,0,"0,784",0,"0,859"
1791,pereciendo,0,"0,672",0,"0,804"
1792,pereció,0,0,0,"0,797"
1793,perfección,0,0,"0,779",0
1794,perder,"0,349",0,0,"0,594"
1795,perdiendo,"0,349",0,0,"0,594"
1796,perdió,0,0,0,"0,625"
1797,perfecto,0,0,"0,719",0
1798,perfecta,0,0,"0,719",0
1799,perfectas,0,0,"0,719",0
1800,perfectos,0,0,"0,719",0
1801,perforada,"0,803",0,0,0
1802,perforadas,"0,803",0,0,0
1803,perforado,"0,803",0,0,0
1804,perforados,"0,803",0,0,0
1805,perjudicar,"0,545",0,0,0
1806,perjuicio,0,0,0,"0,576"
1807,perjuicios,0,0,0,"0,576"
1808,pernicioso,"0,576","0,516",0,"0,469"
1809,perniciosa,"0,576","0,516",0,"0,469"
1810,perniciosas,"0,576","0,516",0,"0,469"
1811,persecución,"0,703","0,797",0,"0,844"
1812,perniciosos,"0,576","0,516",0,"0,469"
1813,perpetrador,"0,469","0,56",0,"0,359"
1814,perpetradora,"0,469","0,56",0,"0,359"
1815,perpetradoras,"0,469","0,56",0,"0,359"
1816,perseguir,"0,734","0,672",0,0
1817,perturbación,0,"0,641",0,0
1818,perpetradores,"0,469","0,56",0,"0,359"
1819,perra,"0,803","0,297",0,"0,406"
1820,persecuciones,"0,703","0,797",0,"0,844"
1821,perturbado,"0,559",0,0,"0,5"
1822,perversión,"0,53",0,0,"0,469"
1823,pesadilla,0,"0,759",0,0
1824,perseguida,0,"0,516",0,0
1825,pesimismo,"0,375","0,359",0,"0,576"
1826,perseguidas,0,"0,516",0,0
1827,pesimista,0,"0,317",0,"0,562"
1828,perseguido,0,"0,516",0,0
1829,perseguidos,0,"0,516",0,0
1830,pertubados,"0,559",0,0,"0,5"
1831,pésimo,0,"0,562",0,0
1832,pestilencia,0,"0,625",0,0
1833,perturbada,"0,559",0,0,"0,5"
1834,perturbadas,"0,559",0,0,"0,5"
1835,pesadillas,0,"0,759",0,0
1836,picadura,"0,544","0,516",0,0
1837,pésima,0,"0,562",0,0
1838,pillaje,"0,578","0,574",0,0
1839,pésimas,0,"0,562",0,0
1840,pesimistas,0,"0,317",0,"0,562"
1841,pésimos,0,"0,562",0,0
1842,petifricados,0,"0,844",0,0
1843,petrificada,0,"0,844",0,0
1844,petrificado,0,"0,844",0,0
1845,pistola,"0,576","0,734",0,0
1846,piérdete,"0,875",0,0,0
1847,pirómana,0,"0,641",0,"0,406"
1848,pirómanas,0,"0,641",0,"0,406"
1849,pirómano,0,"0,641",0,"0,406"
1850,pirómanos,0,"0,641",0,"0,406"
1851,pisoteado,"0,557",0,0,0
1852,pisotear,"0,557",0,0,0
1853,pistolero,0,"0,828",0,0
1854,pistoleros,0,"0,828",0,0
1855,playa,0,0,"0,5",0
1856,placer,0,0,"0,803",0
1857,plomada,0,"0,613",0,0
1858,placeres,0,0,"0,891",0
1859,pobre,0,0,0,"0,562"
1860,pobreza,"0,312","0,391",0,"0,69"
1861,polio,0,"0,562",0,"0,656"
1862,plácida,0,0,"0,875",0
1863,plácidas,0,0,"0,875",0
1864,pólvora,0,"0,562",0,0
1865,plácido,0,0,"0,875",0
1866,plácidos,0,0,"0,875",0
1867,playas,0,0,"0,5",0
1868,poseído,"0,5","0,594",0,0
1869,pleito,"0,386","0,562",0,"0,344"
1870,pobres,0,0,0,"0,562"
1871,polla,"0,703",0,0,0
1872,póstumo,0,0,0,"0,625"
1873,pollas,"0,703",0,0,0
1874,poseída,"0,5","0,594",0,0
1875,precario,0,"0,547",0,"0,406"
1876,poseídas,"0,5","0,594",0,0
1877,poseídos,"0,5","0,594",0,0
1878,positividad,0,0,"0,773",0
1879,precioso,0,0,"0,682",0
1880,positivismo,0,0,"0,742",0
1881,positivo,0,0,"0,761",0
1882,precaria,0,"0,547",0,"0,406"
1883,premeditado,0,"0,5",0,0
1884,premio,0,0,"0,727",0
1885,precarios,0,"0,547",0,"0,406"
1886,preocupación,0,"0,578",0,"0,641"
1887,preciosa,0,0,"0,682",0
1888,preocupante,0,"0,484",0,"0,562"
1889,presa,0,"0,703",0,0
1890,preciosas,0,0,"0,682",0
1891,presagio,0,"0,594",0,0
1892,preciosos,0,0,"0,682",0
1893,presentimiento,0,"0,516",0,0
1894,preguntar,0,0,"0,606",0
1895,prima,0,0,"0,547",0
1896,primogénito,0,0,"0,531",0
1897,principesco,0,0,"0,515",0
1898,preguntarse,0,0,"0,606",0
1899,premeditar,0,"0,5",0,0
1900,premios,0,0,"0,609",0
1901,prisionero,"0,516","0,562",0,"0,531"
1902,preocupaciones,0,"0,562",0,0
1903,presagios,0,"0,594",0,0
1904,presenta,0,0,"0,516",0
1905,pretectoras,"0,5",0,0,0
1906,profanación,"0,848","0,578",0,"0,781"
1907,prevalecer,0,0,"0,562",0
1908,prisionera,"0,516","0,562",0,"0,531"
1909,prisioneras,"0,516","0,562",0,"0,531"
1910,profano,"0,75",0,0,0
1911,prisioneros,"0,516","0,562",0,"0,531"
1912,privada,0,0,0,"0,594"
1913,privadas,0,0,0,"0,594"
1914,prohibido,"0,328","0,5",0,0
1915,prosperar,0,0,"0,562",0
1916,privado,0,0,0,"0,594"
1917,priviados,0,0,0,"0,594"
1918,profana,"0,75",0,0,0
1919,profanas,"0,75",0,0,0
1920,profanos,"0,75",0,0,0
1921,prohibida,"0,328","0,5",0,0
1922,prohibidas,"0,328","0,5",0,0
1923,prohibidos,"0,328","0,5",0,0
1924,provocación,"0,625",0,0,0
1925,prosperidad,0,0,"0,735",0
1926,protector,"0,5",0,0,0
1927,protectora,"0,5",0,0,0
1928,provocador,"0,578",0,0,0
1929,proyectil,0,"0,654",0,0
1930,proyectiles,0,"0,75",0,0
1931,psicosis,"0,441","0,703",0,"0,638"
1932,protectores,"0,5",0,0,0
1933,protestón,"0,515",0,0,0
1934,protestona,"0,515",0,0,0
1935,pulla,"0,562","0,375",0,"0,359"
1936,protestones,"0,515",0,0,0
1937,provocadora,"0,578",0,0,0
1938,provocadoras,"0,578",0,0,0
1939,punitivo,"0,439","0,425",0,"0,562"
1940,provocadores,"0,578",0,0,0
1941,púdrete,"0,924",0,0,0
1942,puñetazo,"0,713","0,58",0,"0,391"
1943,puente,0,0,"0,531",0
1944,purga,0,"0,562",0,0
1945,purgatorio,0,"0,656",0,0
1946,puentes,0,0,"0,531",0
1947,putrefacción,0,"0,594",0,"0,5"
1948,punción,"0,594",0,0,0
1949,punitiva,"0,439","0,425",0,"0,562"
1950,punitivos,"0,439","0,425",0,"0,562"
1951,querida,0,0,"0,672",0
1952,puñalada,"0,571","0,672",0,"0,688"
1953,rabia,"0,911",0,0,0
1954,rabioso,"0,469","0,688",0,"0,375"
1955,puñalada,"0,844",0,0,0
1956,radiación,0,"0,688",0,0
1957,radiante,0,0,"0,868",0
1958,puñetazos,"0,803",0,0,0
1959,puta,"0,578",0,0,0
1960,quejar,"0,469",0,0,"0,509"
1961,radioactivo,0,"0,656",0,0
1962,queridas,0,0,"0,672",0
1963,rapaces,0,"0,641",0,0
1964,querido,0,0,"0,672",0
1965,queridos,0,0,"0,672",0
1966,rabioso,"0,833",0,0,0
1967,radioactiva,0,"0,656",0,0
1968,realizar,0,0,"0,5",0
1969,reavivar,0,"0,234","0,609",0
1970,radioactivas,0,"0,656",0,0
1971,rebelde,"0,547","0,359",0,0
1972,rebelión,"0,609","0,531",0,0
1973,recaída,0,"0,516",0,"0,53"
1974,recalcitrante,"0,588",0,0,0
1975,rechaza,"0,5","0,359",0,"0,438"
1976,radioactivos,0,"0,656",0,0
1977,rapáz,0,"0,641",0,0
1978,rasgada,0,0,0,"0,71"
1979,rechazado,0,0,0,"0,509"
1980,rechazar,"0,5","0,391",0,"0,547"
1981,rechazo,"0,426","0,533",0,"0,562"
1982,recomendable,0,0,"0,519",0
1983,rasgadas,0,0,0,"0,71"
1984,rasgado,0,0,0,"0,71"
1985,rasgados,0,0,0,"0,71"
1986,recreación,0,0,"0,545",0
1987,rebeldes,"0,547","0,359",0,0
1988,rechazada,0,0,0,"0,509"
1989,rechazadas,0,0,0,"0,509"
1990,rechazados,0,0,0,"0,509"
1991,regalo,0,0,"0,547",0
1992,recomendables,0,0,"0,519",0
1993,regocijo,0,0,"0,891",0
1994,rehén,"0,47","0,734",0,0
1995,rehuir,"0,5",0,0,"0,547"
1996,rejilla,"0,561",0,0,0
1997,recompensa,0,0,"0,625",0
1998,recompensas,0,0,"0,625",0
1999,refrescada,0,0,"0,5",0
2000,refrescadas,0,0,"0,5",0
2001,refrescado,0,0,"0,5",0
2002,refrescados,0,0,"0,5",0
2003,relámpago,"0,189","0,594",0,0
2004,regalos,0,0,"0,547",0
2005,relación,0,0,"0,514",0
2006,relajación,0,0,"0,672",0
2007,remordimiento,0,0,0,"0,594"
2008,rendición,0,"0,5",0,"0,453"
2009,rendirse,0,0,0,"0,547"
2010,renegado,"0,529",0,0,0
2011,relajaciones,0,0,"0,672",0
2012,relajante,0,0,"0,652",0
2013,relajantes,0,0,"0,652",0
2014,relámpagos,"0,189","0,594",0,0
2015,represalia,"0,652","0,766",0,"0,484"
2016,remontar,0,0,"0,531",0
2017,remontarse,0,0,"0,531",0
2018,represión,0,"0,625",0,0
2019,remordimientos,0,0,0,"0,594"
2020,reprimenda,"0,641",0,0,0
2021,repudio,"0,51",0,0,0
2022,repugnancia,"0,773","0,516",0,0
2023,réquiem,0,0,0,"0,531"
2024,renovada,0,0,"0,515",0
2025,rescate,"0,438","0,644","0,225",0
2026,renovadas,0,0,"0,515",0
2027,renovado,0,0,"0,515",0
2028,renovados,0,0,"0,515",0
2029,resentido,"0,545",0,0,0
2030,represalias,"0,773","0,641",0,0
2031,resignación,0,0,0,"0,547"
2032,resistencia,"0,543",0,0,0
2033,respeto,0,0,"0,5",0
2034,represalias,"0,621",0,0,0
2035,resplandeciente,0,0,"0,516",0
2036,reprimendas,"0,641",0,0,0
2037,rescates,"0,438","0,644","0,225",0
2038,resentida,"0,545",0,0,0
2039,resentidas,"0,545",0,0,0
2040,resentidos,"0,545",0,0,0
2041,retardar,0,"0,484",0,"0,516"
2042,resentirse,"0,765",0,0,0
2043,resplandecientes,0,0,"0,516",0
2044,resplandor,"0,578",0,"0,725",0
2045,retardada,"0,562",0,0,0
2046,retardadas,"0,562",0,0,0
2047,retardado,"0,562",0,0,0
2048,retardados,"0,562",0,0,0
2049,reumatismo,"0,156","0,438",0,"0,562"
2050,reunida,0,0,"0,515",0
2051,reverenciar,0,0,"0,594",0
2052,reunidas,0,0,"0,515",0
2053,reunido,0,0,"0,515",0
2054,reunidos,0,0,"0,515",0
2055,revoltoso,"0,5","0,281",0,0
2056,revolución,"0,606","0,359",0,"0,203"
2057,revólver,"0,578","0,672",0,"0,453"
2058,reventada,"0,455","0,516",0,0
2059,revuelta,"0,734",0,0,0
2060,reventadas,"0,455","0,516",0,0
2061,riesgo,0,"0,562",0,0
2062,reventado,"0,455","0,516",0,0
2063,risa,0,0,"0,75",0
2064,risa nerviosa,0,0,"0,802",0
2065,reír entredientes,0,0,"0,706",0
2066,robado,"0,546",0,0,0
2067,robando,0,"0,578",0,0
2068,reventados,"0,455","0,516",0,0
2069,revoltosa,"0,5","0,281",0,0
2070,romanticismo,0,0,"0,656",0
2071,revoltosas,"0,5","0,281",0,0
2072,revoltosos,"0,5","0,281",0,0
2073,revueltas,"0,734",0,0,0
2074,romántico,0,0,"0,75",0
2075,riesgos,0,"0,562",0,0
2076,riña,"0,578",0,0,0
2077,romance,0,"0,031","0,606",0
2078,romance,0,0,"0,779",0
2079,roto,"0,359","0,531",0,"0,594"
2080,romántica,0,0,"0,75",0
2081,románticas,0,0,"0,75",0
2082,románticos,0,0,"0,75",0
2083,rota,"0,359","0,531",0,"0,594"
2084,rotas,"0,359","0,531",0,"0,594"
2085,rotos,"0,359","0,531",0,"0,594"
2086,ruin,"0,672","0,641",0,0
2087,rubia,"0,773",0,0,0
2088,rubias,"0,773",0,0,0
2089,rubio,"0,773",0,0,0
2090,ruinoso,"0,825","0,625",0,"0,698"
2091,sable,"0,238","0,531",0,0
2092,saborear,0,0,"0,531","0,034"
2093,rubios,"0,773",0,0,0
2094,sabotaje,"0,727","0,703",0,"0,484"
2095,matanza,"0,844","0,891",0,"0,734"
2096,sacrificios,0,0,0,"0,609"
2097,rugido,"0,515",0,"0,348",0
2098,ruines,"0,672","0,641",0,0
2099,ruinosa,"0,825","0,625",0,"0,698"
2100,sacudida,0,"0,531",0,0
2101,salido,0,0,0,"0,558"
2102,ruinosas,"0,825","0,625",0,"0,698"
2103,ruinosos,"0,825","0,625",0,"0,698"
2104,sabotajes,"0,727","0,703",0,"0,484"
2105,sacudidas,0,"0,531",0,0
2106,sacudido,0,"0,531",0,0
2107,sacudidos,0,"0,531",0,0
2108,saludada,0,0,"0,516",0
2109,saludado,0,0,"0,516",0
2110,salvaje,"0,814","0,814",0,0
2111,salvajismo,"0,915","0,875",0,0
2112,samurai,0,"0,547",0,0
2113,saludados,0,0,"0,516",0
2114,salvador,0,0,"0,543",0
2115,salvadora,0,0,"0,543",0
2116,sanguijuelas,0,"0,531",0,0
2117,salvadoras,0,0,"0,543",0
2118,salvadores,0,0,"0,543",0
2119,salvajes,"0,814","0,814",0,0
2120,sanguinario,"0,875","0,922",0,0
2121,sangría,0,"0,609",0,"0,673"
2122,santidad,0,"0,109","0,531",0
2123,santo,0,0,"0,641",0
2124,santuario,0,0,"0,541",0
2125,saquear,"0,469","0,516",0,"0,461"
2126,sarcoma,0,"0,625",0,"0,797"
2127,sarna,0,"0,562",0,0
2128,sangriendo,"0,562",0,0,0
2129,sanguijuela,0,"0,531",0,0
2130,sanguinaria,"0,875","0,922",0,0
2131,satánico,"0,828",0,0,0
2132,sanguinarias,"0,875","0,922",0,0
2133,sanguinarios,"0,875","0,922",0,0
2134,santa,0,0,"0,727",0
2135,satánica,"0,828",0,0,0
2136,satánicas,"0,828",0,0,0
2137,satánicos,"0,828",0,0,0
2138,satisfacción,0,0,"0,652",0
2139,satisfactoria,0,0,"0,703",0
2140,satisfecho,0,0,"0,922",0
2141,satisfactorias,0,0,"0,703",0
2142,satisfactorio,0,0,"0,703",0
2143,satisfactorios,0,0,"0,703",0
2144,satisfecha,0,0,"0,922",0
2145,satisfechas,0,0,"0,922",0
2146,secuelas,"0,359","0,469",0,"0,5"
2147,satisfechos,0,0,"0,922",0
2148,saturada,"0,546",0,0,0
2149,saturadas,"0,546",0,0,0
2150,saturado,"0,546",0,0,0
2151,secuestrar,"0,703","0,891",0,"0,682"
2152,senil,0,"0,547",0,"0,5"
2153,sensacional,0,0,"0,818",0
2154,ternura,0,0,"0,561",0
2155,sensualidad,0,0,"0,641",0
2156,sentido,0,0,"0,719","0,188"
2157,septicemia,0,"0,594",0,"0,611"
2158,serenidad,0,0,"0,656",0
2159,saturados,"0,546",0,0,0
2160,secuela,"0,359","0,469",0,"0,5"
2161,secuestrada,0,"0,828",0,0
2162,secuestradas,0,"0,828",0,0
2163,serpiente,0,"0,641",0,0
2164,secuestrado,0,"0,828",0,0
2165,secuestrados,0,"0,828",0,0
2166,serena,0,0,"0,531",0
2167,serenas,0,0,"0,531",0
2168,desalentador,"0,413","0,672",0,"0,708"
2169,sexo,0,0,"0,622",0
2170,sereno,0,0,"0,531",0
2171,síncope,0,"0,562",0,"0,407"
2172,serenos,0,0,"0,531",0
2173,serpientes,0,"0,802",0,0
2174,sí,0,0,"0,797",0
2175,siniestro,"0,781","0,672",0,0
2176,sinvergüenza,"0,682","0,641",0,0
2177,sirena,0,"0,547",0,0
2178,apuro,0,"0,516",0,"0,621"
2179,excepcional,0,0,"0,766",0
2180,destacar,0,0,"0,5",0
2181,siniestra,"0,781","0,672",0,0
2182,siniestras,"0,781","0,672",0,0
2183,siniestros,"0,781","0,672",0,0
2184,socorro,0,"0,703",0,0
2185,sofocado,"0,469","0,391",0,"0,516"
2186,sofocante,0,"0,858",0,"0,703"
2187,sofocada,"0,469","0,391",0,"0,516"
2188,soldado,"0,258",0,"0,562","0,273"
2189,sollozo,0,0,0,"0,688"
2190,sofocadas,"0,469","0,391",0,"0,516"
2191,sombreado,0,"0,578",0,0
2192,sonreír,0,0,"0,75",0
2193,sofocados,"0,469","0,391",0,"0,516"
2194,soldados,"0,258",0,"0,562","0,273"
2195,sonriente,0,0,"0,828",0
2196,solo,0,0,0,"0,6"
2197,sonríe,0,0,"0,828",0
2198,sonrisa,0,0,"0,812",0
2199,sonriendo,0,0,"0,828",0
2200,sonrió,0,0,"0,682",0
2201,sonrisa de oreja a oreja,0,0,"0,812",0
2202,sonrisas,0,0,"0,766",0
2203,sórdido,"0,412","0,425",0,"0,578"
2204,sorpresa,0,"0,172","0,562",0
2205,soportar,"0,529",0,0,0
2206,soportarlo,"0,529",0,0,0
2207,sospechar,0,"0,516",0,0
2208,sórdida,"0,412","0,425",0,"0,578"
2209,sorpresas,0,0,"0,606",0
2210,subvertir,0,"0,5",0,"0,384"
2211,subyugación,"0,559","0,531",0,"0,609"
2212,sudario,0,0,0,"0,641"
2213,sosiego,0,0,"0,891",0
2214,sublime,0,0,"0,545",0
2215,subsiguiente,0,0,"0,576",0
2216,sueño,0,0,"0,559",0
2217,sueños,0,0,"0,559",0
2218,suertuda,0,0,"0,576",0
2219,sufrimiento,0,"0,812",0,"0,844"
2220,suicida,"0,636","0,898",0,"0,941"
2221,culebra,"0,212","0,547",0,"0,361"
2222,suertudas,0,0,"0,576",0
2223,superestrella,0,0,"0,562",0
2224,suertudo,0,0,"0,576",0
2225,suertudos,0,0,"0,576",0
2226,súper,0,0,"0,609",0
2227,superfelices,0,0,"0,875",0
2228,superfeliz,0,0,"0,875",0
2229,supersticioso,0,"0,531",0,0
2230,supersticiosa,0,"0,531",0,0
2231,supresión,"0,5","0,5",0,0
2232,supersticiosas,0,"0,531",0,0
2233,suspense,0,"0,529",0,0
2234,susto,0,"0,66",0,0
2235,supersticiosos,0,"0,531",0,0
2236,tajo,0,"0,703",0,0
2237,supremo,0,"0,236","0,591",0
2238,surrealista,0,0,"0,5",0
2239,sustos,0,"0,66",0,0
2240,tallo,0,"0,531",0,0
2241,tarada,"0,75",0,0,0
2242,taradas,"0,75",0,0,0
2243,tarado,"0,75",0,0,0
2244,tarados,"0,75",0,0,0
2245,tarántula,0,"0,672",0,0
2246,tarántulas,0,"0,672",0,0
2247,temeraria,"0,531","0,344",0,0
2248,temerarias,"0,531","0,344",0,0
2249,temerario,"0,531","0,344",0,0
2250,temerarios,"0,531","0,344",0,0
2251,temerosa,0,"0,766",0,"0,766"
2252,temeroso,0,"0,766",0,"0,766"
2253,temerosamente,0,"0,656",0,"0,609"
2254,tempestad,"0,594","0,423",0,"0,25"
2255,temerosas,0,"0,766",0,"0,766"
2256,temerosos,0,"0,766",0,"0,766"
2257,temible,0,"0,712",0,0
2258,tenebrosa,0,"0,766",0,0
2259,tensión,"0,603",0,0,0
2260,tenebrosas,0,"0,766",0,0
2261,tenebroso,0,"0,766",0,0
2262,tenebrosos,0,"0,766",0,0
2263,tensa,"0,484","0,594",0,"0,722"
2264,tenso,"0,484","0,594",0,"0,722"
2265,tensas,"0,484","0,594",0,"0,722"
2266,tensionado,0,"0,531",0,0
2267,tensos,"0,484","0,594",0,"0,722"
2268,tentador,0,0,"0,572",0
2269,tentadora,0,0,"0,572",0
2270,tentadoras,0,0,"0,572",0
2271,tentadores,0,0,"0,572",0
2272,terapéutico,0,0,"0,515",0
2273,terapeútica,0,0,"0,515",0
2274,terapeúticas,0,0,"0,515",0
2275,terapeúticos,0,0,"0,515",0
2276,terco,"0,619",0,0,0
2277,terminación,0,0,"0,547","0,641"
2278,terminal,0,"0,703",0,"0,688"
2279,terminar,0,0,0,"0,625"
2280,terriblemente,0,0,0,"0,641"
2281,terror,0,"0,953",0,0
2282,terca,"0,619",0,0,0
2283,tercas,"0,619",0,0,0
2284,tercos,"0,619",0,0,0
2285,terrorífica,0,"0,766",0,0
2286,terrorismo,"0,851","0,969",0,"0,812"
2287,terrorista,"0,818","0,972",0,"0,75"
2288,terroríficas,0,"0,766",0,0
2289,tesoro,0,0,"0,652",0
2290,terrorífico,0,"0,766",0,0
2291,tifón,0,"0,656",0,0
2292,terroristas,0,"0,969",0,0
2293,tirador,0,"0,722",0,0
2294,tiranía,0,"0,75",0,"0,562"
2295,tiránico,"0,828","0,734",0,0
2296,terrorríficos,0,"0,766",0,0
2297,tesoros,0,0,"0,712",0
2298,tirano,"0,812","0,788",0,"0,625"
2299,tintineo,0,0,"0,516",0
2300,tirana,"0,812","0,788",0,"0,625"
2301,tiranos,"0,812","0,788",0,"0,625"
2302,tirón,"0,515",0,0,0
2303,tirones,"0,515",0,0,0
2304,todopoderoso,0,0,"0,516",0
2305,tonto,0,0,"0,516",0
2306,tormenta,"0,507",0,0,0
2307,tormento,"0,885","0,806",0,"0,828"
2308,tormentoso,0,"0,531",0,0
2309,tornado,0,"0,734",0,0
2310,torpedo,"0,562",0,0,0
2311,torrente,0,"0,594",0,0
2312,torticero,"0,615",0,0,0
2313,tonta,0,0,"0,516",0
2314,tontas,0,0,"0,516",0
2315,tontos,0,0,"0,516",0
2316,tortuoso,"0,516",0,0,0
2317,tortura,"0,833","0,984",0,"0,766"
2318,toxina,0,"0,575",0,0
2319,tragedia,0,"0,859",0,"0,906"
2320,tortuosa,"0,516",0,0,0
2321,tortuosas,"0,516",0,0,0
2322,tortuosos,"0,516",0,0,0
2323,tragedias,0,"0,75",0,0
2324,trágica,0,0,0,"0,961"
2325,trágicas,0,0,0,"0,961"
2326,trágico,0,0,0,"0,961"
2327,trágicos,0,0,0,"0,961"
2328,traicionada,0,0,0,"0,848"
2329,traicionar,"0,625",0,0,"0,594"
2330,traicionadas,0,0,0,"0,848"
2331,traicionado,0,0,0,"0,848"
2332,traicionados,0,0,0,"0,848"
2333,traicionero,"0,779","0,75",0,0
2334,traicionera,"0,779","0,75",0,0
2335,traicioneras,"0,779","0,75",0,0
2336,traicioneros,"0,779","0,75",0,0
2337,traidor,"0,562","0,656",0,"0,588"
2338,tranquilidad,0,0,"0,679",0
2339,tratar,"0,175","0,094","0,529","0,076"
2340,traidora,"0,562","0,656",0,"0,588"
2341,traidoras,"0,562","0,656",0,"0,588"
2342,traidores,"0,562","0,656",0,"0,588"
2343,trauma,0,"0,828",0,0
2344,traumático,"0,402","0,844",0,"0,859"
2345,traumática,"0,402","0,844",0,"0,859"
2346,traumáticas,"0,402","0,844",0,"0,859"
2347,traumáticos,"0,402","0,844",0,"0,859"
2348,estruendoso,"0,625","0,625",0,0
2349,tribulación,0,"0,594","0,328","0,453"
2350,triunfante,0,0,"0,907",0
2351,triunfo,0,0,"0,742",0
2352,fanfarria,0,0,"0,594",0
2353,tumulto,"0,719","0,656",0,0
2354,tumultuoso,"0,844","0,578",0,0
2355,turbulencia,"0,483","0,562","0,045",0
2356,turbulenta,0,"0,625",0,0
2357,turbulentas,0,"0,625",0,0
2358,turbulentos,0,"0,625",0,0
2359,turbulento,0,"0,625",0,0
2360,úlceras,"0,348","0,562",0,"0,312"
2361,úlcera,"0,348","0,562",0,"0,312"
2362,urnas,0,0,0,"0,562"
2363,urna,0,0,0,"0,562"
2364,utópico,0,0,"0,719",0
2365,vacaciones,0,0,"0,75",0
2366,vampiros,"0,242","0,625",0,0
2367,vampiro,"0,242","0,625",0,0
2368,vegetativo,0,0,0,"0,516"
2369,vehemente,"0,734","0,641",0,0
2370,vendetta,"0,812","0,703",0,"0,594"
2371,ventisca,0,"0,656",0,0
2372,veracidad,0,0,"0,5",0
2373,verano,0,0,"0,591",0
2374,vergonzoso,"0,547",0,0,"0,609"
2375,vértigo,0,"0,5",0,0
2376,víbora,0,"0,672",0,0
2377,vicioso,"0,884",0,0,0
2378,victimizada,"0,515","0,734",0,"0,75"
2379,victimizadas,"0,515","0,734",0,"0,75"
2380,victimizados,"0,515","0,734",0,"0,75"
2381,victimizado,"0,515","0,734",0,"0,75"
2382,víctor,0,0,"0,667",0
2383,victoria,0,0,"0,734",0
2384,victoriosa,0,0,"0,516",0
2385,victoriosas,0,0,"0,516",0
2386,victoriosos,0,0,"0,516",0
2387,victorioso,0,0,"0,516",0
2388,vida,0,0,"0,578",0
2389,vigilancia,0,"0,547",0,0
2390,vil,0,"0,656",0,"0,546"
2391,violentamente,"0,938","0,828",0,"0,719"
2392,violenta,"0,844","0,812",0,0
2393,violentas,"0,844","0,812",0,0
2394,violentos,"0,844","0,812",0,0
2395,violento,"0,844","0,812",0,0
2396,virtuosa,0,0,"0,613",0
2397,virtuosas,0,0,"0,613",0
2398,virtuosos,0,0,"0,613",0
2399,virtuoso,0,0,"0,613",0
2400,virulencia,"0,712","0,625",0,0
2401,visionaria,0,0,"0,5",0
2402,visionarias,0,0,"0,5",0
2403,visionarios,0,0,"0,5",0
2404,visionario,0,0,"0,5",0
2405,vitalidad,0,0,"0,531",0
2406,viuda,0,0,0,"0,688"
2407,viudo,0,0,0,"0,688"
2408,viva,0,0,"0,531",0
2409,vivaz,0,0,"0,734",0
2410,vívida,0,0,"0,515",0
2411,vívido,0,0,"0,515",0
2412,volatilidad,"0,687","0,578",0,0
2413,volcanes,0,"0,663",0,0
2414,volcán,0,"0,663",0,0
2415,vulgaridad,"0,75",0,0,"0,453"
2416,vulnerabilidad,0,"0,548",0,0
2417,xenofobia,0,"0,656",0,0
2418,yihad,0,"0,766",0,0
2419,zen,0,0,"0,515",0
