,Términos,enfado.4,ansiedad,tristeza.4,positiva,negativa
0,abandono,0.0,0.0,1.0,0.0,1.0
1,abrumado,0.0,0.0,1.0,0.0,0.0
2,abuso,1.0,0.0,0.0,0.0,1.0
3,accidente,0.0,0.0,0.0,0.0,0.0
4,absorta,0.0,0.0,0.0,0.0,0.0
5,absortas,0.0,0.0,0.0,0.0,0.0
6,absortos,0.0,0.0,0.0,0.0,0.0
7,acoso,0.0,1.0,0.0,0.0,1.0
8,admiración,0.0,0.0,0.0,1.0,0.0
9,veneración,0.0,0.0,0.0,0.0,0.0
10,adoración,0.0,0.0,0.0,1.0,0.0
11,adorar,0.0,0.0,0.0,1.0,0.0
12,adivinar,0.0,0.0,0.0,0.0,0.0
13,afligirse,0.0,0.0,1.0,0.0,1.0
14,afortunadísimo,0.0,0.0,0.0,1.0,0.0
15,agitación,0.0,1.0,0.0,0.0,1.0
16,afecto,0.0,0.0,0.0,1.0,0.0
17,agitado,0.0,1.0,0.0,0.0,1.0
18,agarrar,1.0,0.0,0.0,0.0,0.0
19,agonizante,0.0,0.0,0.0,0.0,0.0
20,agitada,0.0,1.0,0.0,0.0,1.0
21,agitadas,0.0,1.0,0.0,0.0,1.0
22,agitados,0.0,1.0,0.0,0.0,1.0
23,agotada,0.0,0.0,0.0,0.0,0.0
24,agotador,0.0,0.0,0.0,0.0,0.0
25,agotadas,0.0,0.0,0.0,0.0,0.0
26,agotado,0.0,0.0,0.0,0.0,0.0
27,agotados,0.0,0.0,0.0,0.0,0.0
28,agrada,0.0,0.0,0.0,1.0,0.0
29,agradecer,0.0,0.0,0.0,1.0,0.0
30,agravación,1.0,0.0,0.0,0.0,1.0
31,agravado,1.0,0.0,0.0,0.0,1.0
32,agravante,1.0,0.0,0.0,0.0,1.0
33,agresión,1.0,0.0,0.0,0.0,1.0
34,agradeciendo,0.0,0.0,0.0,1.0,0.0
35,agrava,1.0,0.0,0.0,0.0,1.0
36,agresivo,1.0,0.0,0.0,0.0,1.0
37,agravar,1.0,0.0,0.0,0.0,1.0
38,agresiva,1.0,0.0,0.0,0.0,1.0
39,agresivamente,1.0,0.0,0.0,0.0,1.0
40,ahogar,1.0,0.0,0.0,0.0,1.0
41,ahogo,1.0,0.0,0.0,0.0,1.0
42,airado,1.0,0.0,0.0,0.0,1.0
43,aislamiento,0.0,0.0,0.0,0.0,1.0
44,aislar,0.0,0.0,0.0,0.0,1.0
45,ahorcado,0.0,0.0,0.0,0.0,0.0
46,alabado,0.0,0.0,0.0,0.0,0.0
47,alarma,0.0,1.0,0.0,0.0,1.0
48,alcoholismo,0.0,0.0,0.0,0.0,0.0
49,alegrarse,0.0,0.0,0.0,1.0,0.0
50,alegría,0.0,0.0,0.0,1.0,0.0
51,alejado,0.0,0.0,0.0,0.0,0.0
52,alegrar,0.0,0.0,0.0,1.0,0.0
53,alegraste,0.0,0.0,0.0,1.0,0.0
54,alentar,0.0,0.0,0.0,1.0,0.0
55,alegrías,0.0,0.0,0.0,1.0,0.0
56,alentado,0.0,0.0,0.0,1.0,0.0
57,amada,0.0,0.0,0.0,1.0,0.0
58,amante,0.0,0.0,0.0,0.0,0.0
59,amadas,0.0,0.0,0.0,1.0,0.0
60,amado,0.0,0.0,0.0,1.0,0.0
61,amargamente,1.0,0.0,0.0,0.0,1.0
62,amargura,1.0,0.0,0.0,0.0,1.0
63,ambición,0.0,0.0,0.0,0.0,0.0
64,ambicioso,0.0,0.0,0.0,0.0,0.0
65,amados,0.0,0.0,0.0,1.0,0.0
66,amantes,0.0,0.0,0.0,0.0,0.0
67,amar,0.0,0.0,0.0,1.0,0.0
68,ambiciosa,0.0,0.0,0.0,0.0,0.0
69,amenazador,1.0,0.0,0.0,0.0,1.0
70,amenazar,1.0,0.0,0.0,0.0,1.0
71,ambiciosas,0.0,0.0,0.0,0.0,0.0
72,ambiciosos,0.0,0.0,0.0,0.0,0.0
73,amenazadora,1.0,0.0,0.0,0.0,1.0
74,amiga,0.0,0.0,0.0,1.0,0.0
75,amistad,0.0,0.0,0.0,1.0,0.0
76,amor,0.0,0.0,0.0,1.0,0.0
77,amigas,0.0,0.0,0.0,1.0,0.0
78,amigo,0.0,0.0,0.0,1.0,0.0
79,amigos,0.0,0.0,0.0,1.0,0.0
80,amorío,0.0,0.0,0.0,0.0,0.0
81,ángel,0.0,0.0,0.0,0.0,0.0
82,angelical,0.0,0.0,0.0,0.0,0.0
83,angina de pecho,0.0,0.0,0.0,0.0,0.0
84,angustioso,0.0,1.0,0.0,0.0,1.0
85,anhelo,0.0,0.0,0.0,0.0,0.0
86,angustiosa,0.0,1.0,0.0,0.0,1.0
87,angustiosas,0.0,1.0,0.0,0.0,1.0
88,angustiosos,0.0,1.0,0.0,0.0,1.0
89,ansiedad,0.0,0.0,0.0,0.0,1.0
90,ansioso,0.0,0.0,0.0,0.0,1.0
91,anorexia,0.0,0.0,0.0,0.0,0.0
92,antagonismo,1.0,0.0,0.0,0.0,1.0
93,ansiosa,0.0,0.0,0.0,0.0,1.0
94,antipático,1.0,0.0,0.0,0.0,1.0
95,ansiosas,0.0,0.0,0.0,0.0,1.0
96,ansiosos,0.0,0.0,0.0,0.0,1.0
97,antipática,1.0,0.0,0.0,0.0,1.0
98,antipáticas,1.0,0.0,0.0,0.0,1.0
99,antipáticos,1.0,0.0,0.0,0.0,1.0
100,apasionado,0.0,0.0,0.0,0.0,0.0
101,apagador,0.0,0.0,0.0,0.0,1.0
102,apendicitis,0.0,0.0,0.0,0.0,1.0
103,aplastada,0.0,0.0,0.0,0.0,1.0
104,apasianadas,0.0,0.0,0.0,0.0,0.0
105,devastador,0.0,0.0,1.0,0.0,1.0
106,aplastar,0.0,0.0,0.0,0.0,1.0
107,apasionada,0.0,0.0,0.0,0.0,0.0
108,apasionados,0.0,0.0,0.0,0.0,0.0
109,apreciación,0.0,0.0,0.0,0.0,0.0
110,aplastadas,0.0,0.0,0.0,0.0,1.0
111,aprensivo,0.0,0.0,0.0,0.0,1.0
112,aprecia,0.0,0.0,0.0,0.0,0.0
113,apreciado,0.0,0.0,0.0,0.0,0.0
114,apreciar,0.0,0.0,0.0,0.0,0.0
115,aprensiva,0.0,0.0,0.0,0.0,1.0
116,aprensivas,0.0,0.0,0.0,0.0,1.0
117,aprensivos,0.0,0.0,0.0,0.0,1.0
118,aprovechar,0.0,0.0,0.0,1.0,0.0
119,argumentación,0.0,0.0,0.0,0.0,0.0
120,argumento,0.0,0.0,0.0,0.0,0.0
121,armado,1.0,0.0,0.0,0.0,1.0
122,armas (de fuego),1.0,0.0,0.0,0.0,1.0
123,absorto,0.0,0.0,0.0,0.0,0.0
124,arma,1.0,0.0,0.0,0.0,1.0
125,arriesgado,0.0,0.0,0.0,1.0,0.0
126,arriesgada,0.0,0.0,0.0,1.0,0.0
127,arriesgadas,0.0,0.0,0.0,1.0,0.0
128,arriesgados,0.0,0.0,0.0,1.0,0.0
129,asar,0.0,0.0,0.0,0.0,0.0
130,asco,1.0,0.0,0.0,0.0,1.0
131,asesinar,1.0,0.0,0.0,0.0,1.0
132,asfixia,0.0,0.0,0.0,0.0,1.0
133,asfixia,0.0,0.0,0.0,0.0,1.0
134,asilo,0.0,0.0,0.0,0.0,0.0
135,asombro,0.0,0.0,0.0,0.0,0.0
136,asombroso,0.0,0.0,0.0,1.0,0.0
137,asustadísimo,0.0,1.0,0.0,0.0,1.0
138,asustado,0.0,1.0,0.0,0.0,1.0
139,asustar,0.0,1.0,0.0,0.0,1.0
140,asustarse,0.0,1.0,0.0,0.0,1.0
141,atacar,1.0,0.0,0.0,0.0,1.0
142,ataques,1.0,0.0,0.0,0.0,1.0
143,ataque,1.0,0.0,0.0,0.0,1.0
144,aterrada,0.0,1.0,0.0,0.0,1.0
145,aterrador,0.0,1.0,0.0,0.0,1.0
146,aterroriza,0.0,1.0,0.0,0.0,1.0
147,aterrorizar,0.0,1.0,0.0,0.0,1.0
148,atornillado,0.0,0.0,0.0,0.0,0.0
149,aterrorizado,0.0,1.0,0.0,0.0,1.0
150,atroz,1.0,0.0,0.0,0.0,1.0
151,atropello,1.0,0.0,0.0,0.0,1.0
152,aturdido,0.0,1.0,0.0,0.0,1.0
153,aturdida,0.0,1.0,0.0,0.0,1.0
154,aturdidas,0.0,1.0,0.0,0.0,1.0
155,aturdidos,0.0,1.0,0.0,0.0,1.0
156,auténtico,0.0,0.0,0.0,1.0,0.0
157,auténtica,0.0,0.0,0.0,1.0,0.0
158,auténticas,0.0,0.0,0.0,1.0,0.0
159,auténticos,0.0,0.0,0.0,1.0,0.0
160,autopsia,0.0,0.0,0.0,0.0,0.0
161,avergonzada,0.0,0.0,0.0,0.0,1.0
162,avergonzadas,0.0,0.0,0.0,0.0,1.0
163,avergonzado,0.0,0.0,0.0,0.0,1.0
164,avergonzados,0.0,0.0,0.0,0.0,1.0
165,bailar,0.0,0.0,0.0,0.0,0.0
166,bailes,0.0,0.0,0.0,0.0,0.0
167,bastarda,1.0,0.0,0.0,0.0,0.0
168,bastardas,1.0,0.0,0.0,0.0,0.0
169,baile,0.0,0.0,0.0,0.0,0.0
170,bastardos,1.0,0.0,0.0,0.0,0.0
171,bastardo,1.0,0.0,0.0,0.0,0.0
172,batallas,0.0,0.0,0.0,0.0,0.0
173,bebés,0.0,0.0,0.0,0.0,0.0
174,bendecir,0.0,0.0,0.0,0.0,1.0
175,batalla,0.0,0.0,0.0,0.0,0.0
176,batería,0.0,0.0,0.0,0.0,0.0
177,bendita,0.0,0.0,0.0,0.0,1.0
178,bebé,0.0,0.0,0.0,0.0,0.0
179,bendito,0.0,0.0,0.0,0.0,1.0
180,bendición,0.0,0.0,0.0,0.0,0.0
181,berrinche,1.0,0.0,0.0,0.0,1.0
182,besos,0.0,0.0,0.0,1.0,0.0
183,bienestar,0.0,0.0,0.0,0.0,0.0
184,beso,0.0,0.0,0.0,1.0,0.0
185,bilis,0.0,0.0,0.0,0.0,0.0
186,bloqueo,0.0,0.0,0.0,0.0,0.0
187,bondad,0.0,0.0,0.0,0.0,1.0
188,brillar,0.0,0.0,0.0,0.0,0.0
189,bruta,1.0,0.0,0.0,0.0,1.0
190,buena,0.0,0.0,0.0,0.0,1.0
191,brutal,1.0,0.0,0.0,0.0,1.0
192,brutalidad,1.0,0.0,0.0,0.0,1.0
193,bruto,1.0,0.0,0.0,0.0,1.0
194,bulimia,0.0,0.0,0.0,0.0,0.0
195,bulliciosa,0.0,0.0,0.0,0.0,0.0
196,bueno,0.0,0.0,0.0,0.0,1.0
197,bulliciosas,0.0,0.0,0.0,0.0,0.0
198,bulliciosos,0.0,0.0,0.0,0.0,0.0
199,cagado,1.0,0.0,0.0,0.0,0.0
200,bullicioso,0.0,0.0,0.0,0.0,0.0
201,caída,0.0,0.0,0.0,0.0,0.0
202,caliente,0.0,0.0,0.0,0.0,0.0
203,cállate,0.0,0.0,0.0,0.0,0.0
204,calma,0.0,0.0,0.0,1.0,0.0
205,calor,0.0,0.0,0.0,0.0,0.0
206,campeona,0.0,0.0,0.0,0.0,0.0
207,campeonas,0.0,0.0,0.0,0.0,0.0
208,campeones,0.0,0.0,0.0,0.0,0.0
209,canta,0.0,0.0,0.0,0.0,0.0
210,canto,0.0,0.0,0.0,0.0,0.0
211,campeón,0.0,0.0,0.0,0.0,0.0
212,cáncer,0.0,0.0,0.0,0.0,0.0
213,caprichosa,0.0,0.0,0.0,0.0,1.0
214,caprichosas,0.0,0.0,0.0,0.0,1.0
215,caprichosos,0.0,0.0,0.0,0.0,1.0
216,caricia,0.0,0.0,0.0,0.0,0.0
217,caprichoso,0.0,0.0,0.0,0.0,1.0
218,carreras,0.0,0.0,0.0,0.0,0.0
219,carnicería,0.0,0.0,0.0,0.0,0.0
220,casa,0.0,0.0,0.0,0.0,0.0
221,casas,0.0,0.0,0.0,0.0,0.0
222,castigos,1.0,0.0,0.0,0.0,1.0
223,castigado,1.0,0.0,0.0,0.0,1.0
224,castigar,1.0,0.0,0.0,0.0,1.0
225,castigo,1.0,0.0,0.0,0.0,1.0
226,cautivar,0.0,0.0,0.0,0.0,0.0
227,caza,0.0,0.0,0.0,0.0,0.0
228,ceguera,0.0,0.0,0.0,0.0,0.0
229,celebracion,0.0,0.0,0.0,0.0,0.0
230,celos,1.0,0.0,0.0,0.0,1.0
231,cementerio,0.0,0.0,0.0,0.0,0.0
232,chica,0.0,0.0,0.0,0.0,0.0
233,cercanía,0.0,0.0,0.0,0.0,0.0
234,chico,0.0,0.0,0.0,0.0,0.0
235,ciclón,0.0,0.0,0.0,0.0,0.0
236,cobarde,0.0,0.0,0.0,0.0,0.0
237,cobra,0.0,0.0,0.0,0.0,0.0
238,colgar,0.0,0.0,0.0,0.0,0.0
239,cólera,1.0,0.0,0.0,0.0,0.0
240,coma,0.0,0.0,0.0,0.0,0.0
241,completar,0.0,0.0,0.0,0.0,0.0
242,comodidad,0.0,0.0,0.0,1.0,0.0
243,condenado,0.0,0.0,0.0,0.0,1.0
244,confianza,0.0,0.0,0.0,1.0,0.0
245,confortable,0.0,0.0,0.0,1.0,0.0
246,conflicto,0.0,0.0,0.0,0.0,1.0
247,confrontar,1.0,0.0,0.0,1.0,1.0
248,consolador,0.0,0.0,0.0,1.0,0.0
249,contagios,0.0,0.0,0.0,0.0,0.0
250,contaminada,0.0,0.0,0.0,0.0,0.0
251,contenta,0.0,0.0,0.0,1.0,0.0
252,contagio,0.0,0.0,0.0,0.0,0.0
253,contagioso,0.0,0.0,0.0,0.0,0.0
254,contentas,0.0,0.0,0.0,1.0,0.0
255,contaminado,0.0,0.0,0.0,0.0,0.0
256,contentos,0.0,0.0,0.0,1.0,0.0
257,coño,1.0,0.0,0.0,1.0,1.0
258,copas,0.0,0.0,0.0,0.0,0.0
259,contento,0.0,0.0,0.0,1.0,0.0
260,corazón,0.0,0.0,0.0,0.0,0.0
261,corazones,0.0,0.0,0.0,0.0,0.0
262,coronación,0.0,0.0,0.0,0.0,0.0
263,cremación,0.0,0.0,0.0,0.0,0.0
264,crimen,0.0,0.0,0.0,0.0,0.0
265,criptas,0.0,0.0,0.0,0.0,0.0
266,cristo,0.0,0.0,0.0,0.0,0.0
267,crucero,0.0,0.0,0.0,0.0,0.0
268,cripta,0.0,0.0,0.0,0.0,0.0
269,cruceros,0.0,0.0,0.0,0.0,0.0
270,crónico,0.0,0.0,0.0,0.0,0.0
271,cruzar,0.0,0.0,0.0,0.0,0.0
272,crueldad,1.0,0.0,0.0,0.0,1.0
273,cuerpos,0.0,0.0,0.0,0.0,0.0
274,culminate,0.0,0.0,0.0,0.0,0.0
275,cuarentena,0.0,0.0,0.0,0.0,0.0
276,culpables,1.0,0.0,0.0,0.0,1.0
277,cuerpo,0.0,0.0,0.0,0.0,0.0
278,cumplir,0.0,0.0,0.0,1.0,0.0
279,culpable,1.0,0.0,0.0,0.0,1.0
280,decaer,0.0,0.0,1.0,0.0,1.0
281,daño,0.0,0.0,1.0,0.0,1.0
282,decepcionada,0.0,0.0,1.0,0.0,1.0
283,decepcionadas,0.0,0.0,1.0,0.0,1.0
284,decepcionados,0.0,0.0,1.0,0.0,1.0
285,defectuoso,0.0,0.0,0.0,0.0,0.0
286,decepcionado,0.0,0.0,1.0,0.0,1.0
287,decepcionante,0.0,0.0,1.0,0.0,1.0
288,degeneración,0.0,0.0,0.0,0.0,1.0
289,degradante,0.0,0.0,0.0,0.0,1.0
290,deleite,0.0,0.0,0.0,1.0,0.0
291,deleites,0.0,0.0,0.0,1.0,0.0
292,delicada,0.0,0.0,0.0,1.0,0.0
293,delicadas,0.0,0.0,0.0,1.0,0.0
294,delicado,0.0,0.0,0.0,1.0,0.0
295,delicados,0.0,0.0,0.0,1.0,0.0
296,denuncias,0.0,0.0,0.0,0.0,0.0
297,denuncia,0.0,0.0,0.0,0.0,0.0
298,depresiva,0.0,0.0,1.0,0.0,0.0
299,depresivas,0.0,0.0,1.0,0.0,0.0
300,depresivos,0.0,0.0,1.0,0.0,0.0
301,derrotada,0.0,0.0,1.0,0.0,1.0
302,derrotados,0.0,0.0,1.0,0.0,1.0
303,depresivo,0.0,0.0,1.0,0.0,0.0
304,deprimente,0.0,0.0,1.0,0.0,1.0
305,deprimir,0.0,0.0,1.0,0.0,1.0
306,derrotado,0.0,0.0,1.0,0.0,1.0
307,desafiantes,0.0,0.0,0.0,0.0,0.0
308,desafíos,0.0,0.0,0.0,0.0,0.0
309,desafiante,0.0,0.0,0.0,0.0,0.0
310,desahogándome,0.0,0.0,0.0,0.0,1.0
311,desafío,0.0,0.0,0.0,0.0,0.0
312,tristemente,0.0,0.0,1.0,0.0,1.0
313,desalentadora,0.0,0.0,0.0,0.0,1.0
314,desalentadoras,0.0,0.0,0.0,0.0,1.0
315,desalentadores,0.0,0.0,0.0,0.0,1.0
316,desanimar,0.0,0.0,1.0,0.0,1.0
317,desanimada,0.0,0.0,1.0,0.0,1.0
318,desanimadas,0.0,0.0,1.0,0.0,1.0
319,desanimado,0.0,0.0,1.0,0.0,1.0
320,desanimados,0.0,0.0,1.0,0.0,1.0
321,desastre,0.0,0.0,0.0,0.0,1.0
322,desaparición,0.0,0.0,0.0,0.0,0.0
323,desastrosa,0.0,0.0,0.0,0.0,1.0
324,desastroso,0.0,0.0,0.0,0.0,1.0
325,desastrosos,0.0,0.0,0.0,0.0,1.0
326,descanso,0.0,0.0,0.0,0.0,0.0
327,descarada,0.0,0.0,0.0,0.0,1.0
328,descaradas,0.0,0.0,0.0,0.0,1.0
329,descarado,0.0,0.0,0.0,0.0,1.0
330,descompuesto,0.0,0.0,0.0,0.0,1.0
331,descarados,0.0,0.0,0.0,0.0,1.0
332,desdichada,0.0,1.0,1.0,0.0,1.0
333,desdichado,0.0,1.0,1.0,0.0,1.0
334,desesperado,0.0,1.0,0.0,0.0,1.0
335,desdichados,0.0,1.0,1.0,0.0,1.0
336,desesperada,0.0,1.0,0.0,0.0,1.0
337,desesperadas,0.0,1.0,0.0,0.0,1.0
338,desesperanzado,0.0,1.0,0.0,0.0,1.0
339,desesperados,0.0,1.0,0.0,0.0,1.0
340,desgarrador,0.0,0.0,1.0,0.0,1.0
341,desgarradora,0.0,0.0,1.0,0.0,1.0
342,desechar,0.0,0.0,0.0,0.0,1.0
343,desgarradores,0.0,0.0,1.0,0.0,1.0
344,deshonra,0.0,1.0,0.0,0.0,1.0
345,deshonrada,0.0,1.0,0.0,0.0,1.0
346,deshonrados,0.0,1.0,0.0,0.0,1.0
347,deshonrado,0.0,1.0,0.0,0.0,1.0
348,deshonras,0.0,1.0,0.0,0.0,1.0
349,desilusión,0.0,0.0,1.0,0.0,1.0
350,desintegrarse,0.0,0.0,0.0,0.0,1.0
351,desilusiones,0.0,0.0,1.0,0.0,1.0
352,flagrante,1.0,0.0,0.0,0.0,1.0
353,deslumbramiento,0.0,0.0,0.0,0.0,0.0
354,deslumbrante,0.0,0.0,0.0,0.0,0.0
355,lúgrube,0.0,0.0,1.0,0.0,1.0
356,desorden,0.0,1.0,0.0,0.0,1.0
357,fastidiar,1.0,0.0,0.0,0.0,1.0
358,despiadada,1.0,0.0,0.0,0.0,1.0
359,despiadadas,1.0,0.0,0.0,0.0,1.0
360,despiadados,1.0,0.0,0.0,0.0,1.0
361,despiadado,1.0,0.0,0.0,0.0,1.0
362,despreciables,0.0,0.0,1.0,0.0,1.0
363,despreciable,0.0,0.0,1.0,0.0,1.0
364,despreciar,0.0,0.0,1.0,0.0,1.0
365,desprecio,0.0,0.0,1.0,0.0,1.0
366,despreocupada,0.0,0.0,0.0,1.0,0.0
367,despreocupadas,0.0,0.0,0.0,1.0,0.0
368,despreocupado,0.0,0.0,0.0,1.0,0.0
369,despreocupados,0.0,0.0,0.0,1.0,0.0
370,destrozada,0.0,0.0,0.0,0.0,0.0
371,destrozado,0.0,0.0,0.0,0.0,0.0
372,destrucción,0.0,0.0,0.0,0.0,0.0
373,destruir,1.0,0.0,0.0,0.0,1.0
374,deterioro,0.0,0.0,0.0,0.0,0.0
375,devastación,0.0,0.0,1.0,0.0,1.0
376,devastada,0.0,0.0,1.0,0.0,1.0
377,devastado,0.0,0.0,1.0,0.0,1.0
378,devastados,0.0,0.0,1.0,0.0,1.0
379,devastador,0.0,0.0,1.0,0.0,1.0
380,devastar,0.0,0.0,1.0,0.0,1.0
381,diablo,0.0,0.0,0.0,0.0,1.0
382,diablos,0.0,0.0,0.0,0.0,1.0
383,dichosa,0.0,0.0,0.0,0.0,0.0
384,dichosas,0.0,0.0,0.0,0.0,0.0
385,dichoso,0.0,0.0,0.0,0.0,0.0
386,dichosos,0.0,0.0,0.0,0.0,0.0
387,dificultad,0.0,0.0,0.0,0.0,1.0
388,difunta,0.0,0.0,0.0,0.0,1.0
389,difuntos,0.0,0.0,0.0,0.0,0.0
390,difunto,0.0,0.0,0.0,0.0,0.0
391,dignidad,0.0,0.0,0.0,1.0,0.0
392,dinero,0.0,0.0,0.0,0.0,0.0
393,diosa,0.0,0.0,0.0,0.0,0.0
394,dios,0.0,0.0,0.0,0.0,0.0
395,discutir,1.0,0.0,0.0,0.0,1.0
396,disfrutando,0.0,0.0,0.0,1.0,0.0
397,disfrutar,0.0,0.0,0.0,1.0,0.0
398,disgustos,0.0,0.0,0.0,0.0,1.0
399,disgusto,0.0,0.0,0.0,0.0,1.0
400,disputas,1.0,0.0,0.0,0.0,1.0
401,disputa,1.0,0.0,0.0,0.0,1.0
402,disturbio,0.0,1.0,0.0,0.0,1.0
403,disturbios,0.0,1.0,0.0,0.0,1.0
404,diversión,0.0,0.0,0.0,1.0,0.0
405,divertidísimo,0.0,0.0,0.0,1.0,0.0
406,divertida,0.0,0.0,0.0,1.0,0.0
407,divertidas,0.0,0.0,0.0,1.0,0.0
408,divertidos,0.0,0.0,0.0,1.0,0.0
409,divertido,0.0,0.0,0.0,1.0,0.0
410,dolorosa,0.0,0.0,0.0,0.0,1.0
411,dolorosas,0.0,0.0,0.0,0.0,1.0
412,dolorosos,0.0,0.0,0.0,0.0,1.0
413,doloroso,0.0,0.0,0.0,0.0,1.0
414,dominación,1.0,0.0,0.0,1.0,1.0
415,dominar,1.0,0.0,0.0,1.0,1.0
416,dulce,0.0,0.0,0.0,1.0,0.0
417,dulces,0.0,0.0,0.0,1.0,0.0
418,dulzura,0.0,0.0,0.0,0.0,0.0
419,dureza,0.0,0.0,0.0,0.0,0.0
420,elegancia,0.0,0.0,0.0,1.0,0.0
421,elegantes,0.0,0.0,0.0,1.0,0.0
422,elegante,0.0,0.0,0.0,1.0,0.0
423,élite,0.0,0.0,0.0,0.0,0.0
424,embolia,0.0,0.0,0.0,0.0,0.0
425,embolia,0.0,0.0,0.0,0.0,0.0
426,emocionada,0.0,0.0,0.0,1.0,0.0
427,emocionadas,0.0,0.0,0.0,1.0,0.0
428,emocionado,0.0,0.0,0.0,1.0,0.0
429,emocionados,0.0,0.0,0.0,1.0,0.0
430,empeorar,1.0,0.0,0.0,0.0,1.0
431,empeorando,1.0,0.0,0.0,0.0,1.0
432,enamorada,0.0,0.0,0.0,1.0,0.0
433,enamoradas,0.0,0.0,0.0,1.0,0.0
434,enamorado,0.0,0.0,0.0,1.0,0.0
435,enamorados,0.0,0.0,0.0,1.0,0.0
436,encabronando,1.0,0.0,0.0,0.0,1.0
437,enfados,1.0,0.0,0.0,0.0,1.0
438,enfado,1.0,0.0,0.0,0.0,1.0
439,enfermiza,0.0,0.0,0.0,0.0,0.0
440,enfermizas,0.0,0.0,0.0,0.0,0.0
441,enfermizos,0.0,0.0,0.0,0.0,0.0
442,enfermizo,0.0,0.0,0.0,0.0,0.0
443,enfermo,0.0,0.0,0.0,0.0,0.0
444,enfurece,1.0,0.0,0.0,0.0,1.0
445,enfermos,0.0,0.0,0.0,0.0,0.0
446,enfurecer,1.0,0.0,0.0,0.0,1.0
447,engañada,1.0,0.0,0.0,0.0,1.0
448,engañadas,1.0,0.0,0.0,0.0,1.0
449,engañados,1.0,0.0,0.0,0.0,1.0
450,engañosa,1.0,0.0,0.0,0.0,1.0
451,engañado,1.0,0.0,0.0,0.0,1.0
452,engañosas,1.0,0.0,0.0,0.0,1.0
453,engañosos,1.0,0.0,0.0,0.0,1.0
454,engañoso,1.0,0.0,0.0,0.0,1.0
455,enloquecerme,0.0,0.0,0.0,0.0,1.0
456,enloquecida,0.0,0.0,0.0,0.0,1.0
457,enloquecidas,0.0,0.0,0.0,0.0,1.0
458,enloquecido,0.0,0.0,0.0,0.0,1.0
459,enloquecido,0.0,0.0,0.0,0.0,1.0
460,enloquecer,0.0,0.0,0.0,0.0,1.0
461,enloquecidos,0.0,0.0,0.0,0.0,1.0
462,enojadísimo,0.0,1.0,0.0,0.0,1.0
463,enójame,0.0,1.0,0.0,0.0,1.0
464,enredada,0.0,0.0,0.0,0.0,0.0
465,enorme,0.0,0.0,0.0,0.0,0.0
466,enredadas,0.0,0.0,0.0,0.0,0.0
467,enredados,0.0,0.0,0.0,0.0,0.0
468,enterrada,0.0,0.0,0.0,0.0,0.0
469,enredado,0.0,0.0,0.0,0.0,0.0
470,ensueño,0.0,0.0,0.0,0.0,0.0
471,enterradora,0.0,0.0,0.0,0.0,0.0
472,enterrado,0.0,0.0,0.0,0.0,0.0
473,enterradores,0.0,0.0,0.0,0.0,0.0
474,entrada,0.0,0.0,0.0,0.0,0.0
475,enterrador,0.0,0.0,0.0,0.0,0.0
476,entradas,0.0,0.0,0.0,0.0,0.0
477,envenedados,1.0,0.0,0.0,0.0,1.0
478,entusiasmo,0.0,0.0,0.0,1.0,0.0
479,envenenada,1.0,0.0,0.0,0.0,1.0
480,envenenadas,1.0,0.0,0.0,0.0,1.0
481,envenenado,1.0,0.0,0.0,0.0,1.0
482,epitafio,0.0,0.0,0.0,0.0,0.0
483,escándalos,0.0,0.0,0.0,0.0,0.0
484,escalar,0.0,0.0,0.0,0.0,0.0
485,escandalosa,0.0,0.0,0.0,0.0,0.0
486,escándalo,0.0,0.0,0.0,0.0,0.0
487,escandalosas,0.0,0.0,0.0,0.0,0.0
488,escandalosos,0.0,0.0,0.0,0.0,0.0
489,escandaloso,0.0,0.0,0.0,0.0,0.0
490,espanto,0.0,1.0,0.0,0.0,1.0
491,esfuerzo,0.0,0.0,0.0,0.0,0.0
492,elogio,0.0,0.0,0.0,1.0,0.0
493,espantosa,0.0,1.0,0.0,0.0,1.0
494,aterrado,0.0,1.0,0.0,0.0,1.0
495,espantosamente,0.0,1.0,0.0,0.0,1.0
496,espantosas,0.0,1.0,0.0,0.0,1.0
497,espantosos,0.0,1.0,0.0,0.0,1.0
498,esperanza,0.0,0.0,0.0,1.0,0.0
499,espantoso,0.0,1.0,0.0,0.0,1.0
500,especial,0.0,0.0,0.0,1.0,0.0
501,esperanzada,0.0,0.0,0.0,1.0,0.0
502,espléndida,0.0,0.0,0.0,1.0,0.0
503,espléndidas,0.0,0.0,0.0,1.0,0.0
504,esperanzado,0.0,0.0,0.0,1.0,0.0
505,espléndidos,0.0,0.0,0.0,1.0,0.0
506,estrago,0.0,0.0,1.0,0.0,1.0
507,espléndido,0.0,0.0,0.0,1.0,0.0
508,esposa,0.0,0.0,0.0,0.0,0.0
509,esquizofrenia,0.0,0.0,0.0,0.0,0.0
510,estragos,0.0,0.0,1.0,0.0,1.0
511,estrangular,0.0,0.0,0.0,0.0,0.0
512,estruendosa,0.0,0.0,0.0,0.0,0.0
513,estruendosas,0.0,0.0,0.0,0.0,0.0
514,estruendosos,0.0,0.0,0.0,0.0,0.0
515,estrujando,0.0,1.0,1.0,0.0,1.0
516,estrujar,0.0,1.0,1.0,0.0,1.0
517,estúpida,1.0,0.0,0.0,0.0,1.0
518,estúpidas,1.0,0.0,0.0,0.0,1.0
519,estúpido,1.0,0.0,0.0,0.0,1.0
520,estúpidos,1.0,0.0,0.0,0.0,1.0
521,exaltación,0.0,0.0,0.0,0.0,0.0
522,exaltar,0.0,0.0,0.0,0.0,0.0
523,excelencia,0.0,0.0,0.0,1.0,0.0
524,excelente,0.0,0.0,0.0,1.0,0.0
525,éxito,0.0,0.0,0.0,0.0,0.0
526,exitosa,0.0,0.0,0.0,0.0,0.0
527,exitosas,0.0,0.0,0.0,0.0,0.0
528,exitoso,0.0,0.0,0.0,0.0,0.0
529,exitosos,0.0,0.0,0.0,0.0,0.0
530,éxtasis,0.0,0.0,0.0,1.0,0.0
531,extático,0.0,0.0,0.0,1.0,0.0
532,exterminar,0.0,0.0,0.0,0.0,0.0
533,exterminio,0.0,0.0,0.0,0.0,0.0
534,exterminios,0.0,0.0,0.0,0.0,0.0
535,fácil,0.0,0.0,0.0,1.0,0.0
536,facilísimo,0.0,0.0,0.0,1.0,0.0
537,fallecida,0.0,0.0,0.0,0.0,0.0
538,fallecidas,0.0,0.0,0.0,0.0,0.0
539,fallecido,0.0,0.0,0.0,0.0,0.0
540,fallecimiento,0.0,0.0,0.0,0.0,0.0
541,falta,0.0,0.0,0.0,0.0,0.0
542,fallecidos,0.0,0.0,0.0,0.0,0.0
543,fatal,0.0,0.0,0.0,0.0,1.0
544,fatalidad,0.0,0.0,0.0,0.0,1.0
545,familia,0.0,0.0,0.0,0.0,0.0
546,favorable,0.0,0.0,0.0,1.0,0.0
547,favorables,0.0,0.0,0.0,1.0,0.0
548,favorita,0.0,0.0,0.0,0.0,0.0
549,favoritas,0.0,0.0,0.0,0.0,0.0
550,favorito,0.0,0.0,0.0,0.0,0.0
551,fealdad,0.0,0.0,0.0,0.0,1.0
552,felicidad,0.0,0.0,0.0,1.0,0.0
553,favoritos,0.0,0.0,0.0,0.0,0.0
554,felicitación,0.0,0.0,0.0,1.0,0.0
555,feliz,0.0,0.0,0.0,1.0,0.0
556,felicitaciones,0.0,0.0,0.0,1.0,0.0
557,felizmente,0.0,0.0,0.0,1.0,0.0
558,ferocidad,1.0,0.0,0.0,0.0,1.0
559,feliz año,0.0,0.0,0.0,1.0,0.0
560,festival,0.0,0.0,0.0,1.0,0.0
561,festivo,0.0,0.0,0.0,1.0,0.0
562,fervor,0.0,0.0,0.0,1.0,0.0
563,fiel,0.0,0.0,0.0,1.0,0.0
564,fiesta,0.0,0.0,0.0,1.0,0.0
565,fiestas,0.0,0.0,0.0,1.0,0.0
566,fortuna,0.0,0.0,0.0,0.0,0.0
567,fortalecimiento,0.0,0.0,0.0,1.0,0.0
568,fortunas,0.0,0.0,0.0,0.0,0.0
569,forzado,0.0,0.0,0.0,0.0,0.0
570,frenéticamente,0.0,0.0,0.0,0.0,1.0
571,frustaciones,1.0,0.0,0.0,0.0,1.0
572,frustración,1.0,0.0,0.0,0.0,1.0
573,frustadas,1.0,0.0,0.0,0.0,1.0
574,frustra,1.0,0.0,0.0,0.0,1.0
575,frustrada,1.0,0.0,0.0,0.0,1.0
576,frustrado,1.0,0.0,0.0,0.0,1.0
577,frustrados,1.0,0.0,0.0,0.0,1.0
578,frustrar,1.0,0.0,0.0,0.0,1.0
579,frustrante,1.0,0.0,0.0,0.0,1.0
580,funeral,0.0,0.0,0.0,0.0,0.0
581,furia,1.0,0.0,0.0,0.0,1.0
582,furiosa,1.0,0.0,0.0,0.0,1.0
583,furiosas,1.0,0.0,0.0,0.0,1.0
584,furioso,1.0,0.0,0.0,0.0,1.0
585,furiosos,1.0,0.0,0.0,0.0,1.0
586,ganadora,0.0,0.0,0.0,1.0,0.0
587,ganadoras,0.0,0.0,0.0,1.0,0.0
588,ganador,0.0,0.0,0.0,1.0,0.0
589,ganadores,0.0,0.0,0.0,1.0,0.0
590,ganancias,0.0,0.0,0.0,1.0,0.0
591,ganar,0.0,0.0,0.0,1.0,0.0
592,ganancia,0.0,0.0,0.0,1.0,0.0
593,generosa,0.0,0.0,0.0,1.0,0.0
594,generosas,0.0,0.0,0.0,1.0,0.0
595,generoso,0.0,0.0,0.0,1.0,0.0
596,genial,0.0,0.0,0.0,1.0,0.0
597,generosos,0.0,0.0,0.0,1.0,0.0
598,genialidad,0.0,0.0,0.0,1.0,0.0
599,genocidio,0.0,0.0,0.0,0.0,0.0
600,gilipollas,1.0,0.0,0.0,0.0,1.0
601,golpear,1.0,0.0,0.0,0.0,0.0
602,golosina,0.0,0.0,0.0,0.0,0.0
603,golosinas,0.0,0.0,0.0,0.0,0.0
604,gracia,0.0,0.0,0.0,1.0,0.0
605,gratitud,0.0,0.0,0.0,1.0,0.0
606,grave,0.0,0.0,0.0,0.0,1.0
607,gratis,0.0,0.0,0.0,1.0,0.0
608,graves,0.0,0.0,0.0,0.0,1.0
609,gritando,0.0,0.0,0.0,0.0,0.0
610,gritar,0.0,0.0,0.0,0.0,0.0
611,gusto,0.0,0.0,0.0,1.0,0.0
612,hambruna,0.0,0.0,0.0,0.0,0.0
613,halagüeña,0.0,0.0,0.0,0.0,0.0
614,halagüeño,0.0,0.0,0.0,0.0,0.0
615,harta,1.0,0.0,0.0,0.0,0.0
616,harto,1.0,0.0,0.0,0.0,0.0
617,herido,0.0,0.0,0.0,0.0,0.0
618,hartos,1.0,0.0,0.0,0.0,0.0
619,herida,0.0,0.0,0.0,0.0,0.0
620,heridos,0.0,0.0,0.0,0.0,0.0
621,hermosa,0.0,0.0,0.0,1.0,0.0
622,hermosas,0.0,0.0,0.0,1.0,0.0
623,hermoso,0.0,0.0,0.0,1.0,0.0
624,héroe,0.0,0.0,0.0,1.0,0.0
625,hermosos,0.0,0.0,0.0,1.0,0.0
626,héroes,0.0,0.0,0.0,1.0,0.0
627,heroico,0.0,0.0,0.0,1.0,0.0
628,heroísmo,0.0,0.0,0.0,1.0,0.0
629,heroica,0.0,0.0,0.0,1.0,0.0
630,heroicos,0.0,0.0,0.0,1.0,0.0
631,heroína,0.0,0.0,0.0,1.0,0.0
632,hija,0.0,0.0,0.0,0.0,0.0
633,hijas,0.0,0.0,0.0,0.0,0.0
634,hijo,0.0,0.0,0.0,0.0,0.0
635,hijos,0.0,0.0,0.0,0.0,0.0
636,hipócrita,0.0,0.0,0.0,0.0,0.0
637,hipócritas,0.0,0.0,0.0,0.0,0.0
638,histérico,0.0,1.0,0.0,0.0,0.0
639,histérica,0.0,1.0,0.0,0.0,0.0
640,histéricas,0.0,1.0,0.0,0.0,0.0
641,histéricos,0.0,1.0,0.0,0.0,0.0
642,holocausto,0.0,0.0,0.0,0.0,0.0
643,homicidio,0.0,0.0,0.0,0.0,0.0
644,hogar,0.0,0.0,0.0,0.0,0.0
645,holocausto,0.0,0.0,0.0,0.0,0.0
646,holocausto,0.0,0.0,0.0,0.0,0.0
647,honrada,0.0,0.0,0.0,1.0,0.0
648,honradas,0.0,0.0,0.0,1.0,0.0
649,honrado,0.0,0.0,0.0,1.0,0.0
650,honrados,0.0,0.0,0.0,1.0,0.0
651,horrendo,0.0,1.0,0.0,0.0,1.0
652,horror,0.0,1.0,0.0,0.0,1.0
653,horrenda,0.0,1.0,0.0,0.0,1.0
654,horrendas,0.0,1.0,0.0,0.0,1.0
655,horrores,0.0,1.0,0.0,0.0,1.0
656,horrendos,0.0,1.0,0.0,0.0,1.0
657,horror,0.0,1.0,0.0,0.0,1.0
658,horror,0.0,1.0,0.0,0.0,1.0
659,horrorizado,0.0,1.0,0.0,0.0,1.0
660,horrorizada,0.0,1.0,0.0,0.0,1.0
661,horrorizadas,0.0,1.0,0.0,0.0,1.0
662,horrorizados,0.0,1.0,0.0,0.0,1.0
663,horrorosa,0.0,1.0,0.0,0.0,1.0
664,horroroso,0.0,1.0,0.0,0.0,1.0
665,hostilidad,1.0,0.0,0.0,0.0,1.0
666,hostilidades,1.0,0.0,0.0,0.0,1.0
667,horrorosamente,0.0,1.0,0.0,0.0,1.0
668,horrorosas,0.0,1.0,0.0,0.0,1.0
669,horrorosos,0.0,1.0,0.0,0.0,1.0
670,huir,0.0,0.0,0.0,0.0,0.0
671,humillar,1.0,1.0,0.0,0.0,1.0
672,humorístico,0.0,0.0,0.0,1.0,0.0
673,idiota,1.0,0.0,0.0,0.0,1.0
674,humor,0.0,0.0,0.0,1.0,0.0
675,iluminación,0.0,0.0,0.0,0.0,0.0
676,imbécil,1.0,0.0,0.0,0.0,1.0
677,idiotas,1.0,0.0,0.0,0.0,1.0
678,ilumina,0.0,0.0,0.0,0.0,0.0
679,ilustración,0.0,0.0,0.0,0.0,0.0
680,imbéciles,1.0,0.0,0.0,0.0,1.0
681,imposible,0.0,0.0,0.0,0.0,1.0
682,imponente,0.0,0.0,1.0,0.0,1.0
683,imponentes,0.0,0.0,1.0,0.0,1.0
684,imposibles,0.0,0.0,0.0,0.0,1.0
685,incesto,0.0,0.0,0.0,0.0,0.0
686,incienso,0.0,0.0,0.0,0.0,0.0
687,incitar,0.0,0.0,0.0,0.0,0.0
688,infarto,0.0,0.0,0.0,0.0,0.0
689,infección,0.0,0.0,0.0,0.0,0.0
690,infartos,0.0,0.0,0.0,0.0,0.0
691,infecciones,0.0,0.0,0.0,0.0,0.0
692,infeliz,0.0,0.0,1.0,0.0,1.0
693,infernal,0.0,0.0,0.0,0.0,1.0
694,infelices,0.0,0.0,1.0,0.0,1.0
695,injustificable,0.0,0.0,0.0,0.0,1.0
696,infelicidad,0.0,0.0,1.0,0.0,1.0
697,injusto,0.0,0.0,0.0,0.0,1.0
698,injusta,0.0,0.0,0.0,0.0,1.0
699,inmoral,0.0,0.0,0.0,0.0,0.0
700,injustas,0.0,0.0,0.0,0.0,1.0
701,injustos,0.0,0.0,0.0,0.0,1.0
702,insignificante,1.0,0.0,0.0,0.0,1.0
703,insignificantes,1.0,0.0,0.0,0.0,1.0
704,inspirado,0.0,0.0,0.0,1.0,0.0
705,inspección,0.0,0.0,0.0,0.0,0.0
706,insultante,1.0,0.0,0.0,0.0,1.0
707,insulto,1.0,0.0,0.0,0.0,1.0
708,inspirada,0.0,0.0,0.0,1.0,0.0
709,interrogatorio,0.0,0.0,0.0,0.0,0.0
710,íntimamente,0.0,0.0,0.0,0.0,0.0
711,intimidación,1.0,1.0,0.0,0.0,1.0
712,intimidar,1.0,1.0,0.0,0.0,1.0
713,inspirador,0.0,0.0,0.0,1.0,0.0
714,inspiradora,0.0,0.0,0.0,1.0,0.0
715,íntimo,0.0,0.0,0.0,0.0,0.0
716,íntima,0.0,0.0,0.0,0.0,0.0
717,íntimas,0.0,0.0,0.0,0.0,0.0
718,íntimos,0.0,0.0,0.0,0.0,0.0
719,intolerante,1.0,0.0,0.0,0.0,1.0
720,intolerantes,1.0,0.0,0.0,0.0,1.0
721,inútil,0.0,0.0,1.0,0.0,1.0
722,inundar,0.0,0.0,0.0,0.0,0.0
723,inútiles,0.0,0.0,1.0,0.0,1.0
724,irritabilidad,0.0,0.0,0.0,0.0,1.0
725,irritable,0.0,0.0,0.0,0.0,1.0
726,irritante,0.0,0.0,0.0,0.0,1.0
727,irritables,0.0,0.0,0.0,0.0,1.0
728,irritantes,0.0,0.0,0.0,0.0,1.0
729,irritar,0.0,0.0,0.0,0.0,1.0
730,jovial,0.0,0.0,0.0,1.0,0.0
731,joder,1.0,0.0,0.0,0.0,1.0
732,júbilo,0.0,0.0,0.0,1.0,0.0
733,lamentablemente,0.0,0.0,1.0,0.0,1.0
734,lamentando,0.0,0.0,1.0,0.0,1.0
735,lamentándose,0.0,0.0,1.0,0.0,1.0
736,lamentar,0.0,0.0,1.0,0.0,1.0
737,lamento,0.0,0.0,1.0,0.0,1.0
738,lágrima,0.0,0.0,0.0,0.0,0.0
739,lástima,0.0,0.0,1.0,0.0,1.0
740,lagrimas,0.0,0.0,0.0,0.0,0.0
741,letal,0.0,0.0,0.0,0.0,0.0
742,leucemia,0.0,0.0,0.0,0.0,0.0
743,linchar,0.0,0.0,0.0,0.0,0.0
744,llanto,0.0,0.0,1.0,0.0,1.0
745,llorar,0.0,0.0,1.0,0.0,1.0
746,llorado,0.0,0.0,1.0,0.0,1.0
747,llorando,0.0,0.0,1.0,0.0,1.0
748,locas,0.0,0.0,0.0,0.0,1.0
749,loca,0.0,0.0,0.0,0.0,1.0
750,logrado,0.0,0.0,0.0,0.0,0.0
751,lograr,0.0,0.0,0.0,0.0,0.0
752,loco,0.0,0.0,0.0,0.0,1.0
753,locos,0.0,0.0,0.0,0.0,1.0
754,luto,0.0,0.0,1.0,0.0,1.0
755,maestría,0.0,0.0,0.0,0.0,0.0
756,malaria,1.0,0.0,0.0,0.0,1.0
757,maldad,1.0,0.0,0.0,0.0,1.0
758,maldiciendo,1.0,0.0,0.0,0.0,1.0
759,maldición,1.0,0.0,0.0,0.0,1.0
760,maldecir,1.0,0.0,0.0,0.0,1.0
761,maldición,1.0,0.0,0.0,0.0,1.0
762,malhumorada,1.0,0.0,0.0,0.0,1.0
763,malhumoradas,1.0,0.0,0.0,0.0,1.0
764,malhumorado,1.0,0.0,0.0,0.0,1.0
765,malhumorados,1.0,0.0,0.0,0.0,1.0
766,malicioso,1.0,0.0,0.0,0.0,1.0
767,maliciosa,1.0,0.0,0.0,0.0,1.0
768,maliciosas,1.0,0.0,0.0,0.0,1.0
769,maliciosos,1.0,0.0,0.0,0.0,1.0
770,malvado,1.0,0.0,0.0,0.0,1.0
771,malvada,1.0,0.0,0.0,0.0,1.0
772,malvadas,1.0,0.0,0.0,0.0,1.0
773,malvados,1.0,0.0,0.0,0.0,1.0
774,manifestación,0.0,0.0,0.0,0.0,0.0
775,manipulación,0.0,0.0,0.0,0.0,0.0
776,manosear,0.0,0.0,0.0,0.0,0.0
777,marcha,0.0,0.0,0.0,0.0,0.0
778,marchas,0.0,0.0,0.0,0.0,0.0
779,mareada,0.0,0.0,0.0,0.0,0.0
780,mareadas,0.0,0.0,0.0,0.0,0.0
781,apalear,0.0,0.0,0.0,0.0,0.0
782,mareado,0.0,0.0,0.0,0.0,0.0
783,mareados,0.0,0.0,0.0,0.0,0.0
784,matar,1.0,0.0,0.0,0.0,1.0
785,maternidad,0.0,0.0,0.0,0.0,0.0
786,mausoleo,0.0,0.0,0.0,0.0,0.0
787,melancolía,0.0,0.0,1.0,0.0,1.0
788,memorable,0.0,0.0,0.0,1.0,0.0
789,mejor,0.0,0.0,0.0,1.0,0.0
790,memorables,0.0,0.0,0.0,1.0,0.0
791,miedo,0.0,1.0,0.0,0.0,1.0
792,milagro,0.0,0.0,0.0,0.0,0.0
793,miedos,0.0,1.0,0.0,0.0,1.0
794,mierda,1.0,0.0,0.0,0.0,1.0
795,miserable,0.0,1.0,1.0,0.0,1.0
796,miserables,0.0,1.0,1.0,0.0,1.0
797,molesta,1.0,0.0,0.0,0.0,1.0
798,molestar,1.0,0.0,0.0,0.0,1.0
799,molestas,1.0,0.0,0.0,0.0,1.0
800,morir,0.0,0.0,0.0,0.0,0.0
801,mortal,0.0,0.0,0.0,0.0,0.0
802,molestísimo,1.0,0.0,0.0,0.0,1.0
803,molesto,1.0,0.0,0.0,0.0,1.0
804,molestos,1.0,0.0,0.0,0.0,1.0
805,morir,0.0,0.0,0.0,0.0,0.0
806,mortalidad,0.0,0.0,0.0,0.0,0.0
807,muerte,0.0,0.0,0.0,0.0,1.0
808,multitud,0.0,0.0,0.0,0.0,0.0
809,mueca,0.0,0.0,1.0,0.0,1.0
810,muecas,0.0,0.0,1.0,0.0,1.0
811,música,0.0,0.0,0.0,0.0,0.0
812,nada,0.0,0.0,0.0,0.0,0.0
813,muertes,0.0,0.0,0.0,0.0,1.0
814,murió,0.0,0.0,0.0,0.0,0.0
815,músicas,0.0,0.0,0.0,0.0,0.0
816,naturaleza,0.0,0.0,0.0,0.0,0.0
817,navidad,0.0,0.0,0.0,0.0,0.0
818,negado,0.0,0.0,0.0,0.0,0.0
819,negar,0.0,0.0,0.0,0.0,0.0
820,negativo,0.0,0.0,0.0,0.0,0.0
821,negativa,0.0,0.0,0.0,0.0,0.0
822,nerviosismo,0.0,1.0,0.0,0.0,1.0
823,negativas,0.0,0.0,0.0,0.0,0.0
824,negativos,0.0,0.0,0.0,0.0,0.0
825,negligencia,0.0,0.0,0.0,0.0,1.0
826,nietos,0.0,0.0,0.0,0.0,0.0
827,nieta,0.0,0.0,0.0,0.0,0.0
828,nietas,0.0,0.0,0.0,0.0,0.0
829,nieto,0.0,0.0,0.0,0.0,0.0
830,nocivo,1.0,0.0,0.0,0.0,1.0
831,nochebuena,1.0,0.0,0.0,0.0,1.0
832,nociva,1.0,0.0,0.0,0.0,1.0
833,nocivos,1.0,0.0,0.0,0.0,1.0
834,nostálgico,0.0,0.0,1.0,0.0,1.0
835,obscenidad,1.0,0.0,0.0,0.0,1.0
836,obsesionado,0.0,1.0,0.0,0.0,1.0
837,nostálgica,0.0,0.0,1.0,0.0,1.0
838,obstruir,0.0,0.0,0.0,0.0,0.0
839,nostálgicas,0.0,0.0,1.0,0.0,1.0
840,nostálgicos,0.0,0.0,1.0,0.0,1.0
841,obsesionarse,0.0,1.0,0.0,0.0,1.0
842,odiando,1.0,0.0,0.0,0.0,1.0
843,ofender,1.0,0.0,0.0,0.0,1.0
844,odiar,1.0,0.0,0.0,0.0,1.0
845,ofensiva,1.0,0.0,0.0,0.0,1.0
846,ofensivas,1.0,0.0,0.0,0.0,1.0
847,olvido,0.0,0.0,0.0,0.0,0.0
848,ofensivo,1.0,0.0,0.0,0.0,1.0
849,ofensivos,1.0,0.0,0.0,0.0,1.0
850,optimismo,0.0,0.0,0.0,1.0,0.0
851,orgasmo,0.0,0.0,0.0,0.0,0.0
852,orgullo,0.0,0.0,0.0,1.0,0.0
853,orgulloso,0.0,0.0,0.0,1.0,0.0
854,orgullosa,0.0,0.0,0.0,1.0,0.0
855,orgullosas,0.0,0.0,0.0,1.0,0.0
856,orgullosos,0.0,0.0,0.0,1.0,0.0
857,oscurecido,0.0,0.0,1.0,0.0,1.0
858,oscuridad,0.0,0.0,1.0,0.0,1.0
859,oscura,0.0,0.0,1.0,0.0,1.0
860,oscuras,0.0,0.0,1.0,0.0,1.0
861,oscurecida,0.0,0.0,1.0,0.0,1.0
862,oscuro,0.0,0.0,1.0,0.0,1.0
863,oscurecidas,0.0,0.0,1.0,0.0,1.0
864,oscurecidos,0.0,0.0,1.0,0.0,1.0
865,oscuros,0.0,0.0,1.0,0.0,1.0
866,pandilla,0.0,0.0,0.0,0.0,0.0
867,pánico,0.0,1.0,0.0,0.0,1.0
868,paranoia,1.0,0.0,0.0,0.0,1.0
869,paranoias,1.0,0.0,0.0,0.0,1.0
870,paranoica,1.0,0.0,0.0,0.0,1.0
871,paranoicas,1.0,0.0,0.0,0.0,1.0
872,pasión,0.0,0.0,0.0,1.0,0.0
873,paranoico,1.0,0.0,0.0,0.0,1.0
874,paranoicos,1.0,0.0,0.0,0.0,1.0
875,patético,0.0,0.0,1.0,0.0,1.0
876,patética,0.0,0.0,1.0,0.0,1.0
877,paz,1.0,0.0,0.0,1.0,0.0
878,patéticas,0.0,0.0,1.0,0.0,1.0
879,patéticos,0.0,0.0,1.0,0.0,1.0
880,pavor,1.0,1.0,0.0,0.0,1.0
881,pecador,0.0,0.0,0.0,0.0,1.0
882,pecadora,0.0,0.0,0.0,0.0,1.0
883,pecadoras,0.0,0.0,0.0,0.0,1.0
884,pecadores,0.0,0.0,0.0,0.0,1.0
885,pelea,0.0,0.0,0.0,0.0,1.0
886,penetración,0.0,0.0,0.0,0.0,0.0
887,pelear,1.0,0.0,0.0,0.0,1.0
888,penitencia,0.0,0.0,0.0,0.0,1.0
889,dolorosamente,0.0,0.0,0.0,0.0,1.0
890,peleas,0.0,0.0,0.0,0.0,1.0
891,peligrosamente,0.0,1.0,0.0,0.0,1.0
892,penitencias,0.0,0.0,0.0,0.0,1.0
893,perfección,0.0,0.0,0.0,1.0,0.0
894,perder,0.0,0.0,1.0,0.0,1.0
895,perdiendo,0.0,0.0,1.0,0.0,1.0
896,perdió,0.0,0.0,1.0,0.0,1.0
897,perfecto,0.0,0.0,0.0,1.0,0.0
898,perfecta,0.0,0.0,0.0,1.0,0.0
899,perfectas,0.0,0.0,0.0,1.0,0.0
900,perfectos,0.0,0.0,0.0,1.0,0.0
901,perjudicar,1.0,0.0,0.0,0.0,1.0
902,pernicioso,1.0,0.0,0.0,0.0,1.0
903,perniciosa,1.0,0.0,0.0,0.0,1.0
904,perniciosas,1.0,0.0,0.0,0.0,1.0
905,perniciosos,1.0,0.0,0.0,0.0,1.0
906,perseguir,0.0,0.0,0.0,0.0,0.0
907,perturbación,0.0,0.0,0.0,0.0,1.0
908,perra,0.0,0.0,0.0,0.0,0.0
909,perturbado,0.0,0.0,0.0,0.0,1.0
910,perversión,1.0,0.0,0.0,0.0,1.0
911,pesadilla,0.0,0.0,0.0,0.0,1.0
912,pesimista,0.0,0.0,1.0,0.0,1.0
913,pertubados,0.0,0.0,0.0,0.0,1.0
914,pésimo,1.0,0.0,1.0,0.0,1.0
915,perturbada,0.0,0.0,0.0,0.0,1.0
916,perturbadas,0.0,0.0,0.0,0.0,1.0
917,pesadillas,0.0,0.0,0.0,0.0,1.0
918,pesimistas,0.0,0.0,1.0,0.0,1.0
919,pésimos,1.0,0.0,1.0,0.0,1.0
920,placer,0.0,0.0,0.0,1.0,0.0
921,placeres,0.0,0.0,0.0,1.0,0.0
922,pobre,0.0,0.0,1.0,0.0,1.0
923,pobreza,0.0,0.0,0.0,0.0,0.0
924,poseído,0.0,0.0,0.0,0.0,0.0
925,pobres,0.0,0.0,1.0,0.0,1.0
926,poseída,0.0,0.0,0.0,0.0,0.0
927,poseídas,0.0,0.0,0.0,0.0,0.0
928,poseídos,0.0,0.0,0.0,0.0,0.0
929,positividad,0.0,0.0,0.0,1.0,0.0
930,positivismo,0.0,0.0,0.0,1.0,0.0
931,positivo,0.0,0.0,0.0,1.0,0.0
932,premio,0.0,0.0,0.0,0.0,0.0
933,preocupación,0.0,1.0,0.0,0.0,1.0
934,presa,0.0,0.0,0.0,0.0,0.0
935,presentimiento,0.0,0.0,0.0,0.0,0.0
936,preguntar,0.0,0.0,0.0,0.0,0.0
937,prima,0.0,0.0,0.0,0.0,0.0
938,preguntarse,0.0,0.0,0.0,0.0,0.0
939,premios,0.0,0.0,0.0,0.0,0.0
940,preocupaciones,0.0,1.0,0.0,0.0,1.0
941,prohibido,0.0,0.0,0.0,0.0,1.0
942,prohibida,0.0,0.0,0.0,0.0,1.0
943,prohibidas,0.0,0.0,0.0,0.0,1.0
944,prohibidos,0.0,0.0,0.0,0.0,1.0
945,provocación,0.0,0.0,0.0,0.0,0.0
946,purgatorio,0.0,0.0,0.0,0.0,0.0
947,querida,0.0,0.0,0.0,0.0,0.0
948,rabia,1.0,0.0,0.0,0.0,1.0
949,rabioso,1.0,0.0,0.0,0.0,1.0
950,puta,1.0,0.0,0.0,0.0,1.0
951,quejar,0.0,0.0,0.0,0.0,1.0
952,queridas,0.0,0.0,0.0,0.0,0.0
953,querido,0.0,0.0,0.0,0.0,0.0
954,queridos,0.0,0.0,0.0,0.0,0.0
955,rabioso,1.0,0.0,0.0,0.0,1.0
956,realizar,0.0,0.0,0.0,0.0,0.0
957,rebelde,1.0,0.0,0.0,0.0,1.0
958,rechaza,0.0,0.0,0.0,0.0,1.0
959,rasgada,0.0,0.0,1.0,0.0,1.0
960,rechazado,0.0,0.0,0.0,0.0,1.0
961,rechazar,0.0,0.0,0.0,0.0,1.0
962,rechazo,0.0,0.0,0.0,0.0,1.0
963,recomendable,0.0,0.0,0.0,1.0,0.0
964,rasgadas,0.0,0.0,1.0,0.0,1.0
965,rasgado,0.0,0.0,1.0,0.0,1.0
966,rasgados,0.0,0.0,1.0,0.0,1.0
967,rebeldes,1.0,0.0,0.0,0.0,1.0
968,rechazada,0.0,0.0,0.0,0.0,1.0
969,rechazadas,0.0,0.0,0.0,0.0,1.0
970,rechazados,0.0,0.0,0.0,0.0,1.0
971,regalo,0.0,0.0,0.0,0.0,0.0
972,recomendables,0.0,0.0,0.0,1.0,0.0
973,regocijo,0.0,0.0,0.0,1.0,0.0
974,recompensa,0.0,0.0,0.0,1.0,0.0
975,recompensas,0.0,0.0,0.0,1.0,0.0
976,regalos,0.0,0.0,0.0,0.0,0.0
977,relación,0.0,0.0,0.0,0.0,0.0
978,relajación,0.0,0.0,0.0,1.0,0.0
979,rendición,0.0,0.0,0.0,0.0,0.0
980,rendirse,0.0,0.0,0.0,0.0,0.0
981,relajaciones,0.0,0.0,0.0,1.0,0.0
982,relajante,0.0,0.0,0.0,1.0,0.0
983,relajantes,0.0,0.0,0.0,1.0,0.0
984,reprimenda,1.0,0.0,0.0,0.0,1.0
985,repudio,0.0,0.0,0.0,0.0,0.0
986,repugnancia,1.0,0.0,0.0,0.0,1.0
987,resentido,1.0,0.0,0.0,0.0,1.0
988,resignación,0.0,0.0,1.0,0.0,1.0
989,respeto,0.0,0.0,1.0,0.0,0.0
990,resplandeciente,0.0,0.0,1.0,0.0,0.0
991,reprimendas,1.0,0.0,0.0,0.0,1.0
992,resentida,1.0,0.0,0.0,0.0,1.0
993,resentidas,1.0,0.0,0.0,0.0,1.0
994,resentidos,1.0,0.0,0.0,0.0,1.0
995,retardar,0.0,0.0,0.0,0.0,0.0
996,resentirse,1.0,0.0,0.0,0.0,1.0
997,resplandecientes,0.0,0.0,1.0,0.0,0.0
998,risa,0.0,0.0,0.0,1.0,0.0
999,risa nerviosa,0.0,0.0,0.0,1.0,0.0
1000,reír entredientes,0.0,0.0,0.0,1.0,0.0
1001,romanticismo,0.0,0.0,0.0,1.0,0.0
1002,romántico,0.0,0.0,0.0,1.0,0.0
1003,romper,0.0,0.0,0.0,1.0,0.0
1004,riña,1.0,0.0,0.0,0.0,1.0
1005,romance,0.0,0.0,0.0,1.0,0.0
1006,roto,0.0,0.0,0.0,0.0,0.0
1007,romántica,0.0,0.0,0.0,1.0,0.0
1008,románticas,0.0,0.0,0.0,1.0,0.0
1009,románticos,0.0,0.0,0.0,1.0,0.0
1010,rota,0.0,0.0,0.0,0.0,0.0
1011,rotas,0.0,0.0,0.0,0.0,0.0
1012,rotos,0.0,0.0,0.0,0.0,0.0
1013,saborear,0.0,0.0,0.0,0.0,0.0
1014,matanza,0.0,0.0,0.0,0.0,1.0
1015,sacrificio,0.0,0.0,0.0,0.0,0.0
1016,sacrificios,0.0,0.0,0.0,0.0,0.0
1017,sacudida,0.0,1.0,0.0,0.0,1.0
1018,salido,0.0,0.0,0.0,0.0,0.0
1019,sacudidas,0.0,1.0,0.0,0.0,1.0
1020,sacudido,0.0,1.0,0.0,0.0,1.0
1021,sacudidos,0.0,1.0,0.0,0.0,1.0
1022,salvaje,1.0,0.0,0.0,0.0,1.0
1023,salvajes,1.0,0.0,0.0,0.0,1.0
1024,santo,0.0,0.0,0.0,1.0,0.0
1025,santuario,0.0,0.0,0.0,0.0,0.0
1026,sarna,0.0,0.0,0.0,0.0,0.0
1027,santa,0.0,0.0,0.0,1.0,0.0
1028,satisfecho,0.0,0.0,0.0,1.0,0.0
1029,satisfecha,0.0,0.0,0.0,1.0,0.0
1030,satisfechas,0.0,0.0,0.0,1.0,0.0
1031,satisfechos,0.0,0.0,0.0,1.0,0.0
1032,sensacional,0.0,0.0,0.0,0.0,0.0
1033,ternura,0.0,0.0,0.0,1.0,0.0
1034,sensibilidad,0.0,0.0,0.0,1.0,0.0
1035,sensualidad,0.0,0.0,0.0,0.0,0.0
1036,sentido,0.0,0.0,0.0,0.0,0.0
1037,serenidad,0.0,0.0,0.0,1.0,0.0
1038,serena,0.0,0.0,0.0,1.0,0.0
1039,serenas,0.0,0.0,0.0,1.0,0.0
1040,sexo,0.0,0.0,0.0,0.0,0.0
1041,sereno,0.0,0.0,0.0,1.0,0.0
1042,serenos,0.0,0.0,0.0,1.0,0.0
1043,sí,0.0,0.0,0.0,0.0,0.0
1044,siniestro,1.0,0.0,0.0,0.0,1.0
1045,sinvergüenza,0.0,0.0,0.0,0.0,1.0
1046,apuro,0.0,1.0,0.0,0.0,1.0
1047,situación,0.0,0.0,0.0,0.0,0.0
1048,excepcional,0.0,0.0,0.0,0.0,0.0
1049,sobresaliente,0.0,0.0,0.0,0.0,0.0
1050,sobresalir,0.0,0.0,0.0,0.0,0.0
1051,siniestra,1.0,0.0,0.0,0.0,1.0
1052,siniestras,1.0,0.0,0.0,0.0,1.0
1053,siniestros,1.0,0.0,0.0,0.0,1.0
1054,sofocado,0.0,0.0,0.0,0.0,0.0
1055,sofocante,0.0,0.0,0.0,0.0,0.0
1056,sofocada,0.0,0.0,0.0,0.0,0.0
1057,sofocadas,0.0,0.0,0.0,0.0,0.0
1058,sofocados,0.0,0.0,0.0,0.0,0.0
1059,sonriente,0.0,0.0,0.0,1.0,0.0
1060,solo,0.0,0.0,0.0,0.0,1.0
1061,sonrisa,0.0,0.0,0.0,1.0,0.0
1062,sonriendo,0.0,0.0,0.0,1.0,0.0
1063,sonrió,0.0,0.0,0.0,1.0,0.0
1064,sonrisas,0.0,0.0,0.0,1.0,0.0
1065,sorpresa,0.0,0.0,0.0,1.0,0.0
1066,sospechar,0.0,0.0,0.0,0.0,0.0
1067,sorpresas,0.0,0.0,0.0,1.0,0.0
1068,sublime,0.0,0.0,0.0,1.0,0.0
1069,sueño,0.0,0.0,0.0,0.0,0.0
1070,sueños,0.0,0.0,0.0,0.0,0.0
1071,suertuda,0.0,0.0,0.0,0.0,0.0
1072,sufrimiento,0.0,0.0,0.0,0.0,1.0
1073,suertudas,0.0,0.0,0.0,0.0,0.0
1074,suertudo,0.0,0.0,0.0,0.0,0.0
1075,suertudos,0.0,0.0,0.0,0.0,0.0
1076,susto,0.0,0.0,1.0,0.0,1.0
1077,sustos,0.0,0.0,1.0,0.0,1.0
1078,tarada,1.0,0.0,0.0,0.0,1.0
1079,taradas,1.0,0.0,0.0,0.0,1.0
1080,tarado,1.0,0.0,0.0,0.0,1.0
1081,tarados,1.0,0.0,0.0,0.0,1.0
1082,temeraria,0.0,0.0,1.0,0.0,1.0
1083,temerarias,0.0,0.0,1.0,0.0,1.0
1084,temerario,0.0,0.0,1.0,0.0,1.0
1085,temerarios,0.0,0.0,1.0,0.0,1.0
1086,temerosa,0.0,0.0,1.0,0.0,1.0
1087,temeroso,0.0,0.0,1.0,0.0,1.0
1088,temerosamente,0.0,0.0,1.0,0.0,1.0
1089,temerosas,0.0,0.0,1.0,0.0,1.0
1090,temerosos,0.0,0.0,1.0,0.0,1.0
1091,tensión,0.0,0.0,1.0,0.0,1.0
1092,tensa,0.0,0.0,1.0,0.0,1.0
1093,tenso,0.0,0.0,1.0,0.0,1.0
1094,tensas,0.0,0.0,1.0,0.0,1.0
1095,tensionado,0.0,0.0,1.0,0.0,1.0
1096,tensos,0.0,0.0,1.0,0.0,1.0
1097,terco,0.0,1.0,0.0,0.0,1.0
1098,terminación,0.0,0.0,0.0,0.0,0.0
1099,terriblemente,0.0,0.0,1.0,0.0,1.0
1100,terror,1.0,1.0,0.0,0.0,1.0
1101,terca,1.0,0.0,0.0,0.0,1.0
1102,tercas,1.0,0.0,0.0,0.0,1.0
1103,tercos,0.0,1.0,0.0,0.0,1.0
1104,terrorífica,1.0,1.0,0.0,0.0,1.0
1105,terroríficas,1.0,1.0,0.0,0.0,1.0
1106,tesoro,0.0,0.0,0.0,1.0,0.0
1107,terrorífico,1.0,1.0,0.0,0.0,1.0
1108,terrorríficos,1.0,1.0,0.0,0.0,1.0
1109,tesoros,0.0,0.0,0.0,1.0,0.0
1110,tirón,0.0,0.0,0.0,0.0,0.0
1111,tonto,1.0,0.0,0.0,0.0,1.0
1112,tormento,0.0,0.0,1.0,0.0,1.0
1113,tornado,0.0,0.0,0.0,0.0,0.0
1114,tonta,1.0,0.0,0.0,0.0,1.0
1115,tontas,1.0,0.0,0.0,0.0,1.0
1116,tontos,1.0,0.0,0.0,0.0,1.0
1117,tortura,1.0,0.0,0.0,0.0,1.0
1118,tragedia,0.0,0.0,1.0,0.0,1.0
1119,tragedias,0.0,0.0,1.0,0.0,1.0
1120,trágica,0.0,0.0,1.0,0.0,1.0
1121,trágicas,0.0,0.0,1.0,0.0,1.0
1122,trágico,0.0,0.0,1.0,0.0,1.0
1123,trágicos,0.0,0.0,1.0,0.0,1.0
1124,tranquilidad,0.0,0.0,0.0,1.0,0.0
1125,tratar,0.0,0.0,0.0,0.0,0.0
1126,estruendoso,0.0,0.0,0.0,0.0,0.0
1127,triunfo,0.0,0.0,0.0,1.0,0.0
1128,úlceras,0.0,0.0,0.0,0.0,0.0
1129,úlcera,0.0,0.0,0.0,0.0,0.0
1130,urnas,0.0,0.0,0.0,0.0,0.0
1131,urna,0.0,0.0,0.0,0.0,0.0
1132,vacaciones,0.0,0.0,0.0,0.0,0.0
1133,veracidad,0.0,0.0,0.0,1.0,0.0
1134,verano,0.0,0.0,0.0,0.0,0.0
1135,vergonzoso,1.0,1.0,0.0,0.0,1.0
1136,vértigo,0.0,0.0,0.0,0.0,0.0
1137,vicioso,1.0,0.0,0.0,0.0,1.0
1138,victoria,0.0,0.0,0.0,0.0,0.0
1139,victoriosa,0.0,0.0,0.0,1.0,0.0
1140,victoriosas,0.0,0.0,0.0,1.0,0.0
1141,victoriosos,0.0,0.0,0.0,1.0,0.0
1142,victorioso,0.0,0.0,0.0,1.0,0.0
1143,vida,0.0,0.0,0.0,0.0,0.0
1144,vil,1.0,0.0,0.0,0.0,1.0
1145,violentamente,1.0,0.0,0.0,0.0,1.0
1146,violenta,1.0,0.0,0.0,0.0,1.0
1147,violentas,1.0,0.0,0.0,0.0,1.0
1148,violentos,1.0,0.0,0.0,0.0,1.0
1149,violento,1.0,0.0,0.0,0.0,1.0
1150,visionaria,0.0,0.0,0.0,0.0,0.0
1151,visionarias,0.0,0.0,0.0,0.0,0.0
1152,visionarios,0.0,0.0,0.0,0.0,0.0
1153,visionario,0.0,0.0,0.0,0.0,0.0
1154,vitalidad,0.0,0.0,0.0,1.0,0.0
1155,viva,0.0,0.0,0.0,1.0,0.0
1156,vivaz,0.0,0.0,0.0,1.0,0.0
1157,vívida,0.0,0.0,0.0,1.0,0.0
1158,vívido,0.0,0.0,0.0,1.0,0.0
1159,vulnerabilidad,0.0,1.0,0.0,0.0,1.0
1160,zen,0.0,0.0,0.0,0.0,0.0
