,Términos,enfado,miedo,alegría,tristeza
0,abandono,1.0,1.0,0.0,1.0
1,abismal,0.0,0.0,0.0,1.0
2,abollado,0.0,1.0,0.0,1.0
3,abominable,0.0,1.0,0.0,0.0
4,abominación,1.0,1.0,0.0,0.0
5,aborrecer,1.0,1.0,0.0,0.0
6,aborrecible,1.0,1.0,0.0,0.0
7,abortivo,0.0,0.0,0.0,1.0
8,aborto,0.0,1.0,0.0,1.0
9,abrasador,1.0,0.0,0.0,0.0
10,abrumada,0.0,0.0,0.0,1.0
11,abrumador,1.0,1.0,0.0,0.0
12,abundancia,0.0,0.0,1.0,0.0
13,abuso,1.0,1.0,0.0,1.0
14,acantilado,0.0,1.0,0.0,0.0
15,accidente,0.0,1.0,0.0,1.0
16,acelerador,1.0,0.0,0.0,0.0
17,aclarar,0.0,0.0,1.0,0.0
18,acoso,1.0,1.0,0.0,1.0
19,acusando,1.0,1.0,0.0,0.0
20,admirable,0.0,0.0,1.0,0.0
21,admiración,0.0,0.0,1.0,0.0
22,adorable,0.0,0.0,1.0,0.0
23,veneración,0.0,0.0,1.0,0.0
24,adoración,0.0,0.0,1.0,0.0
25,adorar,0.0,0.0,1.0,0.0
26,adulterio,0.0,0.0,0.0,1.0
27,afán,0.0,0.0,1.0,0.0
28,afligirse,0.0,1.0,0.0,1.0
29,afortunadísimo,0.0,0.0,1.0,0.0
30,agitación,1.0,0.0,0.0,0.0
31,agitado,1.0,0.0,0.0,0.0
32,agonía,1.0,1.0,0.0,1.0
33,agonizante,0.0,1.0,0.0,0.0
34,agotador,1.0,1.0,0.0,1.0
35,agradecido,0.0,0.0,1.0,0.0
36,agravación,1.0,0.0,0.0,0.0
37,agravado,1.0,0.0,0.0,0.0
38,agravante,1.0,0.0,0.0,1.0
39,agresión,1.0,1.0,0.0,0.0
40,agresivo,1.0,1.0,0.0,0.0
41,lacerante,0.0,1.0,0.0,0.0
42,agudo,0.0,1.0,0.0,0.0
43,ahogar,1.0,1.0,0.0,1.0
44,ahogo,1.0,0.0,0.0,1.0
45,airado,1.0,0.0,0.0,0.0
46,aislamiento,0.0,0.0,0.0,1.0
47,aislar,0.0,0.0,0.0,1.0
48,alarma,0.0,1.0,0.0,0.0
49,alarmante,0.0,1.0,0.0,0.0
50,alcoholismo,1.0,1.0,0.0,1.0
51,alegación,1.0,0.0,0.0,0.0
52,alegrarse,0.0,0.0,1.0,0.0
53,alegría,0.0,0.0,1.0,0.0
54,alejado,1.0,1.0,0.0,1.0
55,alentar,0.0,0.0,1.0,0.0
56,alienación,1.0,1.0,0.0,1.0
57,alienado,0.0,0.0,0.0,1.0
58,alimañas,1.0,1.0,0.0,0.0
59,altercado,1.0,0.0,0.0,0.0
60,amante,1.0,0.0,1.0,0.0
61,amargamente,1.0,0.0,0.0,1.0
62,amargura,1.0,0.0,0.0,1.0
63,ambición,0.0,0.0,1.0,0.0
64,ambicioso,0.0,0.0,1.0,0.0
65,amenazador,1.0,1.0,0.0,0.0
66,amenazar,1.0,1.0,0.0,0.0
67,amistad,0.0,0.0,1.0,0.0
68,amor,0.0,0.0,1.0,0.0
69,anaconda,0.0,1.0,0.0,0.0
70,anarquía,1.0,1.0,0.0,0.0
71,anarquismo,1.0,1.0,0.0,0.0
72,anarquista,1.0,1.0,0.0,0.0
73,anatema,1.0,1.0,0.0,1.0
74,ángel,0.0,0.0,1.0,0.0
75,angelical,0.0,0.0,1.0,0.0
76,angina de pecho,0.0,1.0,0.0,0.0
77,angustioso,1.0,1.0,0.0,0.0
78,anhelo,0.0,0.0,1.0,0.0
79,animosidad,1.0,1.0,0.0,1.0
80,aniquilación,1.0,1.0,0.0,1.0
81,aniquilado,1.0,1.0,0.0,1.0
82,aniversario,0.0,0.0,1.0,0.0
83,ansiedad,1.0,1.0,0.0,1.0
84,ansioso,0.0,1.0,1.0,0.0
85,antagonismo,1.0,0.0,0.0,0.0
86,antecristo,1.0,1.0,0.0,0.0
87,antipático,1.0,1.0,0.0,1.0
88,antisocial,1.0,1.0,0.0,1.0
89,antítesis,1.0,0.0,0.0,0.0
90,ántrax,0.0,1.0,0.0,1.0
91,aparición,0.0,1.0,0.0,0.0
92,apasionado,0.0,0.0,1.0,0.0
93,apendicitis,0.0,1.0,0.0,1.0
94,aplastada,1.0,1.0,0.0,1.0
95,devastador,1.0,1.0,0.0,0.0
96,aplastar,1.0,0.0,0.0,0.0
97,apreciación,0.0,0.0,1.0,0.0
98,aprehender,0.0,1.0,0.0,0.0
99,aprensivo,0.0,1.0,0.0,0.0
100,apresador,0.0,1.0,0.0,0.0
101,araña,0.0,1.0,0.0,0.0
102,argumentación,1.0,0.0,0.0,0.0
103,argumento,1.0,0.0,0.0,0.0
104,armado,1.0,1.0,0.0,0.0
105,armas (de fuego),1.0,1.0,0.0,0.0
106,armonía,0.0,0.0,1.0,0.0
107,armoniosamente,0.0,0.0,1.0,0.0
108,absorto,0.0,0.0,1.0,0.0
109,arriesgado,0.0,1.0,0.0,0.0
110,arsénico,0.0,1.0,0.0,1.0
111,asar,1.0,0.0,0.0,0.0
112,asco,1.0,1.0,0.0,1.0
113,asesinar,1.0,1.0,0.0,0.0
114,asfixia,1.0,1.0,0.0,0.0
115,asilo,0.0,1.0,0.0,0.0
116,asombro,0.0,0.0,1.0,0.0
117,aspirar,0.0,0.0,1.0,0.0
118,atacar,1.0,1.0,0.0,0.0
119,ataque,1.0,1.0,0.0,0.0
120,aterosclerosis,0.0,1.0,0.0,1.0
121,aterrorizar,1.0,1.0,0.0,1.0
122,atornillado,1.0,0.0,0.0,0.0
123,atrofia,0.0,1.0,0.0,1.0
124,atroz,1.0,0.0,0.0,0.0
125,aturdido,0.0,1.0,0.0,0.0
126,aullido,1.0,1.0,0.0,1.0
127,ausencia,0.0,1.0,0.0,1.0
128,auténtico,0.0,0.0,1.0,0.0
129,autopsia,0.0,1.0,0.0,1.0
130,avalancha,0.0,1.0,0.0,1.0
131,avergonzado,0.0,0.0,0.0,1.0
132,azotaina,1.0,0.0,0.0,0.0
133,azotar,1.0,1.0,0.0,1.0
134,baile,0.0,0.0,1.0,0.0
135,bancarrota,1.0,1.0,0.0,1.0
136,bastardo,0.0,0.0,0.0,1.0
137,batalla,1.0,0.0,0.0,0.0
138,batería,1.0,0.0,0.0,0.0
139,bebé,0.0,0.0,1.0,0.0
140,belicoso,1.0,1.0,0.0,0.0
141,beligerante,1.0,1.0,0.0,0.0
142,belleza,0.0,0.0,1.0,0.0
143,bendecido,0.0,0.0,1.0,0.0
144,bendición,0.0,0.0,1.0,0.0
145,bendiciones,0.0,0.0,1.0,0.0
146,beso,0.0,0.0,1.0,0.0
147,bestia,1.0,1.0,0.0,0.0
148,bilis,1.0,0.0,0.0,0.0
149,biopsia,0.0,1.0,0.0,0.0
150,bisturí,0.0,1.0,0.0,0.0
151,blasfemia,1.0,0.0,0.0,0.0
152,blasfemo,1.0,0.0,0.0,0.0
153,bloqueo,1.0,1.0,0.0,1.0
154,bofetada,1.0,0.0,0.0,0.0
155,bomba,1.0,1.0,0.0,1.0
156,bombardear,1.0,1.0,0.0,0.0
157,bonanza,0.0,0.0,1.0,0.0
158,bondad,0.0,0.0,1.0,0.0
159,arrasar,1.0,1.0,0.0,0.0
160,bote,0.0,0.0,1.0,0.0
161,brigada,0.0,1.0,0.0,0.0
162,brillar,0.0,0.0,1.0,0.0
163,luz solar,0.0,0.0,1.0,0.0
164,bruja,1.0,1.0,0.0,0.0
165,brujo,0.0,1.0,0.0,0.0
166,brutal,1.0,1.0,0.0,0.0
167,brutalidad,1.0,1.0,0.0,0.0
168,bruto,1.0,1.0,0.0,1.0
169,bueno,0.0,0.0,1.0,0.0
170,bullicioso,1.0,0.0,1.0,0.0
171,caída,0.0,1.0,0.0,1.0
172,calamidad,0.0,0.0,0.0,1.0
173,calina,1.0,0.0,0.0,0.0
174,calloso,1.0,0.0,0.0,0.0
175,campeón,0.0,0.0,1.0,0.0
176,cáncer,1.0,1.0,0.0,1.0
177,caníbal,0.0,1.0,0.0,0.0
178,cañón,1.0,1.0,0.0,0.0
179,caos,1.0,1.0,0.0,1.0
180,caótico,1.0,0.0,0.0,0.0
181,caprichoso,0.0,0.0,1.0,0.0
182,carcinoma,0.0,1.0,0.0,1.0
183,caritativo,0.0,0.0,1.0,0.0
184,carnicería,1.0,1.0,0.0,1.0
185,carnicero,1.0,1.0,0.0,0.0
186,carnívoro,0.0,1.0,0.0,0.0
187,apoplejía,0.0,1.0,0.0,1.0
188,casar,0.0,1.0,1.0,0.0
189,castigado,1.0,1.0,0.0,1.0
190,castigar,0.0,1.0,0.0,0.0
191,castigo,1.0,1.0,0.0,0.0
192,catástrofe,1.0,1.0,0.0,1.0
193,cautivar,0.0,0.0,1.0,0.0
194,cautiverio,0.0,0.0,0.0,1.0
195,cautivo,0.0,1.0,0.0,1.0
196,caza,1.0,1.0,0.0,0.0
197,cazador,0.0,1.0,0.0,1.0
198,ceguera,0.0,0.0,0.0,1.0
199,celebracion,0.0,0.0,1.0,0.0
200,celebrado,0.0,0.0,1.0,0.0
201,celebrando,0.0,0.0,1.0,0.0
202,celo,0.0,0.0,1.0,0.0
203,celos,1.0,1.0,0.0,1.0
204,cementerio,0.0,1.0,0.0,1.0
205,centelleo,0.0,0.0,1.0,0.0
206,frunciendo,1.0,0.0,0.0,1.0
207,cercanía,0.0,0.0,1.0,0.0
208,chantaje,1.0,1.0,0.0,0.0
209,chocando,1.0,1.0,0.0,0.0
210,chorro,0.0,0.0,1.0,0.0
211,cianuro,0.0,1.0,0.0,0.0
212,ciclón,0.0,1.0,0.0,0.0
213,cirugía,0.0,1.0,0.0,1.0
214,citomegalovirus,0.0,0.0,0.0,1.0
215,clímax,0.0,0.0,1.0,0.0
216,coacción,1.0,1.0,0.0,1.0
217,cobarde,0.0,1.0,0.0,1.0
218,cobardemente,0.0,1.0,0.0,0.0
219,cobardía,0.0,1.0,0.0,0.0
220,cobra,0.0,1.0,0.0,0.0
221,cocodrilo,0.0,1.0,0.0,0.0
222,coerción,1.0,1.0,0.0,1.0
223,cólera,0.0,1.0,0.0,1.0
224,colgando,1.0,1.0,0.0,1.0
225,colisión,1.0,0.0,0.0,0.0
226,colmillo,0.0,1.0,0.0,0.0
227,colmillos,0.0,1.0,0.0,0.0
228,coma,0.0,1.0,0.0,1.0
229,comatoso,0.0,1.0,0.0,1.0
230,combatiente,1.0,1.0,0.0,0.0
231,combativo,1.0,1.0,0.0,0.0
232,comodidad,0.0,0.0,1.0,0.0
233,comprometido,0.0,0.0,1.0,0.0
234,comunismo,1.0,1.0,0.0,1.0
235,concusión,1.0,0.0,0.0,1.0
236,condenado,0.0,1.0,0.0,1.0
237,condescendencia,1.0,0.0,0.0,1.0
238,condolencia,0.0,0.0,0.0,1.0
239,confianza,0.0,1.0,1.0,0.0
240,confidente,0.0,0.0,1.0,0.0
241,confinado,1.0,1.0,0.0,1.0
242,confinamiento,1.0,1.0,0.0,1.0
243,confinar,1.0,1.0,0.0,1.0
244,conflagración,1.0,1.0,0.0,0.0
245,conflicto,1.0,1.0,0.0,1.0
246,confrontar,1.0,0.0,0.0,0.0
247,congratulatorio,0.0,0.0,1.0,0.0
248,consola,0.0,0.0,0.0,1.0
249,conspirador,1.0,1.0,0.0,0.0
250,contagio,0.0,1.0,0.0,0.0
251,contagioso,0.0,1.0,0.0,0.0
252,contaminado,0.0,1.0,0.0,1.0
253,contencioso,1.0,1.0,0.0,0.0
254,contenido,0.0,0.0,1.0,0.0
255,contento,0.0,0.0,1.0,0.0
256,contrabandista,1.0,1.0,0.0,0.0
257,contrabando,1.0,1.0,0.0,0.0
258,coronación,0.0,0.0,1.0,0.0
259,corrompiendo,1.0,1.0,0.0,1.0
260,corrosivo,0.0,1.0,0.0,0.0
261,cremación,0.0,0.0,0.0,1.0
262,criminalidad,1.0,1.0,0.0,0.0
263,cripta,0.0,1.0,0.0,1.0
264,crónico,0.0,0.0,0.0,1.0
265,crucifixión,1.0,1.0,0.0,1.0
266,crueldad,1.0,1.0,0.0,1.0
267,cuarentena,0.0,1.0,0.0,0.0
268,cuerpo de animal muerto,0.0,1.0,0.0,1.0
269,cuerpo,0.0,1.0,0.0,1.0
270,culpable,1.0,0.0,0.0,1.0
271,culto,0.0,1.0,0.0,0.0
272,cumpleaños,0.0,0.0,1.0,0.0
273,cumplimiento,0.0,0.0,1.0,0.0
274,daga,0.0,1.0,0.0,0.0
275,dañar,0.0,1.0,0.0,0.0
276,daño,1.0,0.0,0.0,1.0
277,daños,0.0,0.0,0.0,1.0
278,debacle,0.0,1.0,0.0,1.0
279,decepción,0.0,0.0,0.0,1.0
280,decepcionado,1.0,0.0,0.0,1.0
281,decepcionante,0.0,0.0,0.0,1.0
282,decepcionar,1.0,0.0,0.0,1.0
283,deformado,0.0,0.0,0.0,1.0
284,deformidad,0.0,1.0,0.0,1.0
285,degeneración,1.0,0.0,0.0,1.0
286,degradante,0.0,1.0,0.0,1.0
287,impresionable ,0.0,1.0,0.0,0.0
288,delicado,0.0,1.0,0.0,0.0
289,delirio,1.0,0.0,1.0,1.0
290,demencia,0.0,1.0,0.0,1.0
291,demente,0.0,1.0,0.0,0.0
292,demoler,1.0,0.0,0.0,1.0
293,demoníaco,1.0,1.0,0.0,1.0
294,denuncia,1.0,1.0,0.0,0.0
295,denunciar,1.0,0.0,0.0,0.0
296,deplorable,1.0,1.0,0.0,1.0
297,deplorar,1.0,0.0,0.0,1.0
298,deportación,1.0,1.0,0.0,1.0
299,deportar,0.0,1.0,0.0,1.0
300,depravación,1.0,0.0,0.0,0.0
301,depravado,1.0,1.0,0.0,1.0
302,depresivo,0.0,0.0,0.0,1.0
303,deprimente,0.0,0.0,0.0,1.0
304,deprimir,0.0,1.0,0.0,1.0
305,derrocamiento,0.0,1.0,0.0,0.0
306,derrotado,0.0,0.0,0.0,1.0
307,desacreditar,1.0,0.0,0.0,0.0
308,desafiante,1.0,0.0,0.0,0.0
309,desafiar,1.0,1.0,0.0,1.0
310,desafío,1.0,1.0,0.0,0.0
311,tristemente,0.0,0.0,0.0,1.0
312,desafortunado,1.0,1.0,0.0,1.0
313,desanimar,0.0,1.0,0.0,1.0
314,desalmado,0.0,1.0,0.0,1.0
315,desalojar,0.0,0.0,0.0,1.0
316,desalojo,1.0,1.0,0.0,1.0
317,desanimado,0.0,0.0,0.0,1.0
318,desastre,1.0,1.0,0.0,1.0
319,desastroso,1.0,1.0,0.0,1.0
320,descarado,1.0,0.0,0.0,0.0
321,descomposición,0.0,1.0,0.0,1.0
322,descompuesto,0.0,0.0,0.0,1.0
323,desdeñoso,1.0,0.0,0.0,0.0
324,desesperado,0.0,1.0,0.0,1.0
325,desesperanzado,0.0,1.0,0.0,1.0
326,desfigurado,1.0,1.0,0.0,1.0
327,desfile,0.0,1.0,1.0,0.0
328,desechar,1.0,0.0,0.0,1.0
329,deshonesto,1.0,0.0,0.0,1.0
330,deshonra,1.0,1.0,0.0,1.0
331,deshonrado,1.0,0.0,0.0,1.0
332,desigualdad,1.0,1.0,0.0,1.0
333,desilusión,1.0,0.0,0.0,1.0
334,desintegrarse,0.0,1.0,0.0,0.0
335,desleal,0.0,0.0,0.0,1.0
336,flagrante,1.0,0.0,0.0,0.0
337,deslustre,0.0,0.0,0.0,1.0
338,desmembramiento,0.0,1.0,0.0,1.0
339,desmoralizado,0.0,1.0,0.0,1.0
340,desmoronándose,0.0,0.0,0.0,1.0
341,lúgrube,0.0,0.0,0.0,1.0
342,ilegalidad,1.0,1.0,0.0,0.0
343,desorden,1.0,1.0,0.0,0.0
344,fastidiar,1.0,0.0,0.0,0.0
345,despiadado,0.0,1.0,0.0,0.0
346,despido,1.0,1.0,0.0,1.0
347,desplazado,1.0,1.0,0.0,1.0
348,despojado,1.0,1.0,0.0,1.0
349,desposeído,1.0,1.0,0.0,1.0
350,despótico,1.0,1.0,0.0,0.0
351,despotismo,1.0,1.0,0.0,1.0
352,despreciable,1.0,0.0,0.0,0.0
353,despreciar,1.0,0.0,0.0,0.0
354,desprecio,1.0,1.0,0.0,0.0
355,destello,1.0,1.0,0.0,0.0
356,desterrar,1.0,1.0,0.0,1.0
357,destierro,1.0,0.0,0.0,1.0
358,destrozado,1.0,1.0,0.0,1.0
359,destrucción,1.0,0.0,0.0,0.0
360,destructivo,1.0,1.0,0.0,0.0
361,destructor,1.0,1.0,0.0,0.0
362,destruido,1.0,1.0,0.0,1.0
363,destruyendo,1.0,1.0,0.0,1.0
364,detenido,1.0,1.0,0.0,1.0
365,deteriorarse,0.0,1.0,0.0,1.0
366,deterioro,1.0,1.0,0.0,1.0
367,detonación,1.0,0.0,0.0,0.0
368,detonar,0.0,1.0,0.0,0.0
369,devastación,1.0,1.0,0.0,1.0
370,devastador,1.0,1.0,0.0,1.0
371,devastar,1.0,1.0,0.0,1.0
372,diamante,0.0,0.0,1.0,0.0
373,dictador,0.0,1.0,0.0,0.0
374,dictadura,1.0,1.0,0.0,1.0
375,dictatorial,1.0,0.0,0.0,0.0
376,difamatorio,1.0,0.0,0.0,0.0
377,dificultad,1.0,1.0,0.0,1.0
378,difunto,0.0,0.0,0.0,1.0
379,dinero,1.0,0.0,1.0,0.0
380,dios,0.0,1.0,1.0,0.0
381,discapacidad,0.0,0.0,0.0,1.0
382,discorde,0.0,1.0,0.0,1.0
383,discordia,1.0,0.0,0.0,0.0
384,discriminación,1.0,1.0,0.0,1.0
385,discriminar,1.0,0.0,0.0,1.0
386,discutir,1.0,0.0,0.0,0.0
387,disensión,1.0,0.0,0.0,0.0
388,disentería,0.0,0.0,0.0,1.0
389,disfrutando,0.0,0.0,1.0,0.0
390,disfrutar,0.0,0.0,1.0,0.0
391,disgusto,1.0,0.0,0.0,1.0
392,disparar,1.0,1.0,0.0,0.0
393,disparidad,1.0,0.0,0.0,1.0
394,disputa,1.0,0.0,0.0,0.0
395,disturbio,1.0,1.0,0.0,1.0
396,diversión,0.0,0.0,1.0,0.0
397,divertidísimo,0.0,0.0,1.0,0.0
398,divertido,0.0,0.0,1.0,0.0
399,divorcio,1.0,1.0,0.0,1.0
400,doloroso,1.0,1.0,0.0,1.0
401,dominación,1.0,1.0,0.0,1.0
402,dominar,1.0,1.0,0.0,0.0
403,drogado,0.0,0.0,0.0,1.0
404,dulce,0.0,0.0,1.0,0.0
405,dulces,0.0,0.0,1.0,0.0
406,dureza,1.0,1.0,0.0,0.0
407,ejecución,1.0,1.0,0.0,1.0
408,elegancia,0.0,0.0,1.0,0.0
409,elegante,0.0,0.0,1.0,0.0
410,eliminación,1.0,1.0,0.0,1.0
411,élite,0.0,0.0,1.0,0.0
412,embellecer,0.0,0.0,1.0,0.0
413,embellecimiento,0.0,0.0,1.0,0.0
414,embolia,0.0,1.0,0.0,1.0
415,emboscada,1.0,1.0,0.0,0.0
416,emergencia,0.0,1.0,0.0,1.0
417,empeorando,0.0,0.0,0.0,1.0
418,empequeñecer,1.0,1.0,0.0,1.0
419,empujón,1.0,0.0,0.0,0.0
420,encaja,1.0,0.0,0.0,0.0
421,encantar,0.0,0.0,1.0,0.0
422,encarcelado,1.0,1.0,0.0,1.0
423,encarcelamiento,1.0,1.0,0.0,1.0
424,enclenque,0.0,1.0,0.0,1.0
425,encogerse,0.0,1.0,0.0,1.0
426,endémico,0.0,1.0,0.0,1.0
427,endocarditis,0.0,1.0,0.0,1.0
428,enemistad,1.0,1.0,0.0,1.0
429,enfado,1.0,0.0,0.0,0.0
430,enfermizo,0.0,0.0,0.0,1.0
431,enfermos,0.0,0.0,0.0,1.0
432,engañado,1.0,0.0,0.0,0.0
433,engañoso,1.0,0.0,0.0,1.0
434,enjuiciar,1.0,1.0,0.0,1.0
435,enloquecer,1.0,1.0,0.0,0.0
436,enorme,1.0,0.0,0.0,0.0
437,enredado,1.0,1.0,0.0,1.0
438,ensueño,0.0,0.0,1.0,0.0
439,enterrado,0.0,1.0,0.0,1.0
440,enterrador,0.0,0.0,0.0,1.0
441,entretenimiento,0.0,0.0,1.0,0.0
442,entusiasmo,0.0,0.0,1.0,0.0
443,envenenado,1.0,1.0,0.0,1.0
444,epidemia,1.0,1.0,0.0,1.0
445,epitafio,0.0,0.0,0.0,1.0
446,erótico,0.0,0.0,1.0,0.0
447,erradicación,1.0,1.0,0.0,0.0
448,erradicar,1.0,0.0,0.0,0.0
449,erupción,1.0,1.0,0.0,0.0
450,escalar,1.0,0.0,0.0,0.0
451,escándalo,1.0,1.0,0.0,1.0
452,escandaloso,1.0,0.0,0.0,0.0
453,escaramuza,1.0,0.0,0.0,0.0
454,esclavizado,1.0,1.0,0.0,1.0
455,esclavo,1.0,1.0,0.0,1.0
456,escorpión,1.0,1.0,0.0,0.0
457,embate,1.0,0.0,0.0,0.0
458,esfuerzo,1.0,0.0,0.0,0.0
459,elogio,0.0,0.0,1.0,0.0
460,aterrado,0.0,1.0,0.0,0.0
461,espantoso,1.0,1.0,0.0,1.0
462,especial,0.0,0.0,1.0,0.0
463,espeluznante,0.0,1.0,0.0,0.0
464,esperanzado,0.0,0.0,1.0,0.0
465,espléndido,0.0,0.0,1.0,0.0
466,esplendor,0.0,0.0,1.0,0.0
467,esposa,0.0,0.0,1.0,0.0
468,esquizofrenia,1.0,1.0,0.0,1.0
469,estallar,1.0,0.0,0.0,0.0
470,esterilidad,0.0,0.0,0.0,1.0
471,estragos,1.0,1.0,0.0,0.0
472,estrangular,1.0,1.0,0.0,1.0
473,estremecimiento,0.0,1.0,0.0,0.0
474,estridente,1.0,1.0,0.0,0.0
475,esvástica,1.0,1.0,0.0,0.0
476,evacuar,0.0,1.0,0.0,0.0
477,evasión,0.0,1.0,0.0,1.0
478,exacerbación,1.0,1.0,0.0,0.0
479,exaltación,0.0,0.0,1.0,0.0
480,exaltar,0.0,0.0,1.0,0.0
481,excelencia,0.0,0.0,1.0,0.0
482,excelente,0.0,0.0,1.0,0.0
483,excitación,1.0,1.0,1.0,0.0
484,excitar,1.0,1.0,1.0,0.0
485,excluido,0.0,0.0,0.0,1.0
486,exclusión,0.0,1.0,0.0,1.0
487,exilio,1.0,1.0,0.0,1.0
488,éxito,0.0,0.0,1.0,0.0
489,exitoso,0.0,0.0,1.0,0.0
490,exorcismo,0.0,1.0,0.0,1.0
491,expirar,0.0,0.0,0.0,1.0
492,expletivo,1.0,0.0,0.0,0.0
493,explosivo,1.0,1.0,0.0,0.0
494,explotar,1.0,1.0,0.0,1.0
495,exprimir,1.0,0.0,0.0,0.0
496,éxtasis,0.0,0.0,1.0,0.0
497,extático,0.0,0.0,1.0,0.0
498,exterminar,0.0,1.0,0.0,1.0
499,exterminio,1.0,1.0,0.0,0.0
500,extinguido,0.0,0.0,0.0,1.0
501,exuberancia,0.0,0.0,1.0,0.0
502,fallecido,0.0,0.0,0.0,1.0
503,fallecimiento,0.0,1.0,0.0,1.0
504,falta,1.0,1.0,0.0,0.0
505,fantasmal,0.0,1.0,0.0,0.0
506,fatal,1.0,1.0,0.0,1.0
507,fatalidad,0.0,1.0,0.0,1.0
508,favorable,0.0,0.0,1.0,0.0
509,favorito,0.0,0.0,1.0,0.0
510,fealdad,0.0,1.0,0.0,1.0
511,felicidad,0.0,0.0,1.0,0.0
512,feliz,0.0,0.0,1.0,0.0
513,felizmente,0.0,0.0,1.0,0.0
514,felón,0.0,1.0,0.0,0.0
515,féretro,0.0,1.0,0.0,1.0
516,ferocidad,1.0,0.0,0.0,0.0
517,festival,0.0,0.0,1.0,0.0
518,festivo,0.0,0.0,1.0,0.0
519,feudo,1.0,0.0,0.0,0.0
520,fiestas,0.0,0.0,1.0,0.0
521,fortuna,0.0,0.0,1.0,0.0
522,forzado,0.0,1.0,0.0,0.0
523,frustración,1.0,0.0,0.0,0.0
524,frustrado,1.0,0.0,0.0,0.0
525,frustrar,1.0,0.0,0.0,1.0
526,fuego,0.0,1.0,0.0,0.0
527,fuelle,1.0,0.0,0.0,0.0
528,fugitivo,1.0,1.0,0.0,1.0
529,funeral,0.0,0.0,0.0,1.0
530,furia,1.0,1.0,0.0,1.0
531,furioso,1.0,0.0,0.0,0.0
532,furor,1.0,0.0,0.0,0.0
533,ganador,0.0,0.0,1.0,0.0
534,ganancias,0.0,0.0,1.0,0.0
535,ganar,0.0,0.0,1.0,0.0
536,garras,1.0,1.0,0.0,0.0
537,generoso,0.0,0.0,1.0,0.0
538,genial,0.0,0.0,1.0,0.0
539,gimoteo,0.0,0.0,0.0,1.0
540,gloria,0.0,0.0,1.0,0.0
541,glorificación,0.0,0.0,1.0,0.0
542,glorificar,0.0,0.0,1.0,0.0
543,golpear,1.0,0.0,0.0,0.0
544,gonorrea,1.0,1.0,0.0,1.0
545,gota,0.0,1.0,0.0,0.0
546,granada,0.0,1.0,0.0,0.0
547,grandeza,0.0,0.0,1.0,0.0
548,gratitud,0.0,0.0,1.0,0.0
549,grave,1.0,1.0,0.0,1.0
550,gravoso,0.0,1.0,0.0,1.0
551,gruñendo,1.0,0.0,0.0,0.0
552,guarida,0.0,1.0,0.0,0.0
553,guerrilla,0.0,1.0,0.0,0.0
554,guillotina,1.0,1.0,0.0,1.0
555,gusto,0.0,0.0,1.0,0.0
556,hambruna,0.0,0.0,0.0,1.0
557,hemorragia,0.0,1.0,0.0,1.0
558,heraldo,1.0,1.0,0.0,0.0
559,herido,0.0,1.0,0.0,1.0
560,hermosa,0.0,0.0,1.0,0.0
561,héroe,0.0,0.0,1.0,0.0
562,heroico,0.0,0.0,1.0,0.0
563,heroísmo,0.0,0.0,1.0,0.0
564,hidrocefalia,0.0,1.0,0.0,1.0
565,hija,0.0,0.0,1.0,0.0
566,hilaridad,0.0,0.0,1.0,0.0
567,hipertrofia,0.0,1.0,0.0,0.0
568,histeria,0.0,1.0,0.0,0.0
569,histérico,1.0,1.0,0.0,0.0
570,holocausto,1.0,1.0,0.0,1.0
571,homicida,1.0,1.0,0.0,0.0
572,homicidio,1.0,1.0,0.0,1.0
573,horca,1.0,1.0,0.0,1.0
574,horrendo,1.0,1.0,0.0,1.0
575,horripilante,0.0,1.0,0.0,1.0
576,horror,1.0,1.0,0.0,1.0
577,horrores,0.0,1.0,0.0,1.0
578,horrorizado,0.0,1.0,0.0,0.0
579,horroroso,0.0,1.0,0.0,0.0
580,hospicio,0.0,0.0,0.0,1.0
581,hostilidad,1.0,0.0,0.0,0.0
582,hostilidades,1.0,1.0,0.0,0.0
583,huelga,1.0,0.0,0.0,0.0
584,horrorosamente,0.0,1.0,0.0,1.0
585,huérfano,0.0,1.0,0.0,1.0
586,huir,0.0,1.0,0.0,1.0
587,humillar,1.0,0.0,0.0,1.0
588,humorístico,0.0,0.0,1.0,0.0
589,huracán,0.0,1.0,0.0,0.0
590,hurra,0.0,0.0,1.0,0.0
591,idiota,1.0,0.0,0.0,0.0
592,iluminación,0.0,0.0,1.0,0.0
593,imbécil,1.0,0.0,0.0,0.0
594,impío,1.0,1.0,0.0,1.0
595,imposible,0.0,0.0,0.0,1.0
596,imposición,0.0,1.0,0.0,1.0
597,impotente,1.0,1.0,0.0,1.0
598,inaguantable,0.0,0.0,0.0,1.0
599,inanición,0.0,1.0,0.0,1.0
600,incendiario,1.0,1.0,0.0,0.0
601,incesto,1.0,1.0,0.0,1.0
602,incienso,1.0,0.0,0.0,0.0
603,incitar,1.0,1.0,0.0,0.0
604,inconcebible,1.0,1.0,0.0,0.0
605,incorpóreo,0.0,1.0,0.0,1.0
606,incriminación,0.0,1.0,0.0,1.0
607,íncubo,0.0,1.0,0.0,0.0
608,incumplido,1.0,0.0,0.0,1.0
609,incurable,1.0,1.0,0.0,1.0
610,incursión,1.0,1.0,0.0,0.0
611,independencia,0.0,0.0,1.0,0.0
612,indeseable,1.0,1.0,0.0,1.0
613,indigente,0.0,1.0,0.0,1.0
614,indignación,1.0,0.0,0.0,0.0
615,indispuesto,0.0,0.0,0.0,1.0
616,inestabilidad,0.0,1.0,0.0,0.0
617,inexcusable,1.0,0.0,0.0,1.0
618,infanticidio,1.0,1.0,0.0,1.0
619,infarto,0.0,1.0,0.0,0.0
620,infección,0.0,1.0,0.0,0.0
621,infeccioso,0.0,1.0,0.0,1.0
622,infeliz,1.0,0.0,0.0,1.0
623,infernal,1.0,1.0,0.0,1.0
624,infestación,0.0,1.0,0.0,0.0
625,infidelidad,1.0,1.0,0.0,1.0
626,infiel,1.0,1.0,0.0,0.0
627,inhumanidad,0.0,0.0,0.0,1.0
628,inhumano,1.0,1.0,0.0,1.0
629,injustificable,1.0,1.0,0.0,0.0
630,injusto,1.0,0.0,0.0,0.0
631,inmersión,0.0,1.0,0.0,0.0
632,inmoral,1.0,1.0,0.0,1.0
633,insidioso,1.0,1.0,0.0,0.0
634,insignificante,1.0,0.0,0.0,1.0
635,inspirado,0.0,0.0,1.0,0.0
636,inspirar,0.0,0.0,1.0,0.0
637,insultante,1.0,1.0,0.0,1.0
638,insulto,1.0,0.0,0.0,1.0
639,insuperable,0.0,1.0,0.0,1.0
640,insurrección,1.0,0.0,0.0,0.0
641,interrogatorio,0.0,1.0,0.0,0.0
642,íntimamente,0.0,1.0,1.0,0.0
643,intimidación,1.0,1.0,0.0,0.0
644,intimidar,0.0,1.0,0.0,0.0
645,íntimo,0.0,0.0,1.0,0.0
646,intolerable,1.0,0.0,0.0,0.0
647,intolerancia,1.0,1.0,0.0,0.0
648,intolerante,1.0,1.0,0.0,1.0
649,intratable,1.0,0.0,0.0,0.0
650,inútil,0.0,0.0,0.0,1.0
651,invasión,1.0,1.0,0.0,0.0
652,invasor,1.0,1.0,0.0,1.0
653,inyección,0.0,1.0,0.0,0.0
654,irreconciliable,1.0,1.0,0.0,1.0
655,irreparable,0.0,1.0,0.0,1.0
656,irrespetuoso,1.0,1.0,0.0,1.0
657,irritabilidad,1.0,0.0,0.0,0.0
658,irritable,1.0,0.0,0.0,0.0
659,irritante,1.0,0.0,0.0,0.0
660,jovial,0.0,0.0,1.0,0.0
661,joya,0.0,0.0,1.0,0.0
662,jubiloso,0.0,0.0,1.0,0.0
663,juguetón,1.0,0.0,1.0,0.0
664,lamentablemente,0.0,0.0,0.0,1.0
665,lamentando,0.0,0.0,0.0,1.0
666,lamentándose,0.0,0.0,0.0,1.0
667,lamentar,0.0,0.0,0.0,1.0
668,lamento,0.0,1.0,0.0,1.0
669,languideciendo,0.0,1.0,0.0,1.0
670,lástima,0.0,0.0,0.0,1.0
671,lastimando,1.0,1.0,0.0,1.0
672,latigazo,1.0,1.0,0.0,0.0
673,látigo,1.0,0.0,0.0,0.0
674,laureles,0.0,0.0,1.0,0.0
675,lava,1.0,1.0,0.0,0.0
676,lesión,1.0,1.0,0.0,1.0
677,lesionar,1.0,1.0,0.0,1.0
678,letal,0.0,1.0,0.0,1.0
679,leucemia,1.0,1.0,0.0,1.0
680,levantamiento,1.0,1.0,0.0,0.0
681,libertinaje,0.0,1.0,0.0,0.0
682,libremente,0.0,0.0,1.0,0.0
683,ligar,0.0,0.0,1.0,0.0
684,linchar,1.0,1.0,0.0,1.0
685,lívido,1.0,0.0,0.0,0.0
686,llanto,0.0,0.0,0.0,1.0
687,llorar,0.0,0.0,0.0,1.0
688,loable,0.0,0.0,1.0,0.0
689,frenético,1.0,1.0,0.0,0.0
690,demente,1.0,1.0,0.0,0.0
691,loca,1.0,1.0,0.0,1.0
692,logrado,0.0,0.0,1.0,0.0
693,lograr,0.0,0.0,1.0,0.0
694,lujo,0.0,0.0,1.0,0.0
695,luto,0.0,0.0,0.0,1.0
696,maestría,1.0,0.0,1.0,0.0
697,mafia,0.0,1.0,0.0,0.0
698,mágico,0.0,0.0,1.0,0.0
699,magnificencia,0.0,0.0,1.0,0.0
700,majestuoso,0.0,0.0,1.0,0.0
701,malaria,0.0,1.0,0.0,1.0
702,maldad,1.0,1.0,0.0,0.0
703,maldiciendo,1.0,0.0,0.0,0.0
704,maldición,1.0,1.0,0.0,1.0
705,malestar,0.0,0.0,0.0,1.0
706,malicia,1.0,1.0,0.0,0.0
707,malicioso,1.0,1.0,0.0,1.0
708,malignidad,0.0,1.0,0.0,1.0
709,malvado,0.0,1.0,0.0,0.0
710,manifestación,0.0,1.0,0.0,0.0
711,manipulación,1.0,1.0,0.0,0.0
712,marchitar,0.0,0.0,0.0,1.0
713,mártir,0.0,1.0,0.0,1.0
714,martirio,0.0,1.0,0.0,1.0
715,apalear,1.0,1.0,0.0,0.0
716,masacre,1.0,1.0,0.0,1.0
717,masoquismo,1.0,1.0,0.0,0.0
718,matadero,1.0,1.0,0.0,1.0
719,matar,1.0,1.0,0.0,1.0
720,maternidad,0.0,0.0,1.0,0.0
721,mausoleo,0.0,0.0,0.0,1.0
722,melancolía,0.0,0.0,0.0,1.0
723,memorable,0.0,0.0,1.0,0.0
724,menospreciar,1.0,0.0,0.0,1.0
725,mercenario,0.0,1.0,0.0,0.0
726,meritorio,0.0,0.0,1.0,0.0
727,metralla,0.0,1.0,0.0,0.0
728,pavor,0.0,1.0,0.0,0.0
729,trepidación,0.0,1.0,0.0,0.0
730,miedo,0.0,1.0,0.0,0.0
731,mierdón,1.0,0.0,0.0,0.0
732,milagro,0.0,0.0,1.0,0.0
733,miserable,1.0,0.0,0.0,1.0
734,miseria,1.0,1.0,0.0,1.0
735,misil,0.0,1.0,0.0,0.0
736,monstruosidad,1.0,1.0,0.0,0.0
737,mórbido,0.0,0.0,0.0,1.0
738,morbosidad,1.0,1.0,0.0,1.0
739,morgue,0.0,1.0,0.0,1.0
740,morir,0.0,1.0,0.0,1.0
741,mortal,1.0,1.0,0.0,1.0
742,mortificación,0.0,1.0,0.0,1.0
743,mortuorio,0.0,1.0,0.0,1.0
744,motín,1.0,1.0,0.0,0.0
745,muerte,1.0,1.0,0.0,1.0
746,multitud,1.0,1.0,0.0,0.0
747,música,0.0,0.0,1.0,1.0
748,mutilación,1.0,1.0,0.0,1.0
749,mutilar,1.0,1.0,0.0,1.0
750,nada,0.0,0.0,0.0,1.0
751,naufragio,0.0,1.0,0.0,1.0
752,negativo,0.0,0.0,0.0,1.0
753,nerviosismo,0.0,1.0,0.0,0.0
754,neumonía,0.0,1.0,0.0,0.0
755,neuralgia,0.0,1.0,0.0,1.0
756,neurosis,0.0,1.0,0.0,1.0
757,neurótico,0.0,1.0,0.0,0.0
758,nietos,0.0,0.0,1.0,0.0
759,nocivo,0.0,1.0,0.0,0.0
760,nostálgico,0.0,0.0,0.0,1.0
761,nupcial,0.0,0.0,1.0,0.0
762,obliteración,0.0,1.0,0.0,1.0
763,obliterar,1.0,1.0,0.0,1.0
764,obscenidad,1.0,0.0,0.0,0.0
765,obsesionado,0.0,1.0,0.0,1.0
766,obstructivo,1.0,0.0,0.0,0.0
767,obstruir,1.0,1.0,0.0,0.0
768,ocio,0.0,0.0,1.0,0.0
769,oculto,0.0,1.0,0.0,0.0
770,odiando,1.0,0.0,0.0,0.0
771,odio,1.0,1.0,0.0,1.0
772,ofender,1.0,0.0,0.0,0.0
773,ofendido,1.0,0.0,0.0,1.0
774,ofensiva,1.0,0.0,0.0,0.0
775,ogro,0.0,1.0,0.0,0.0
776,olvidado,0.0,1.0,0.0,1.0
777,olvido,1.0,1.0,0.0,0.0
778,ominoso,0.0,1.0,0.0,0.0
779,opresión,1.0,1.0,0.0,1.0
780,opresivo,1.0,1.0,0.0,1.0
781,opresor,1.0,1.0,0.0,1.0
782,oprimir,1.0,1.0,0.0,1.0
783,optimismo,0.0,0.0,1.0,0.0
784,orgasmo,0.0,0.0,1.0,0.0
785,orgullo,0.0,0.0,1.0,0.0
786,orgulloso,0.0,0.0,1.0,0.0
787,oscurecido,0.0,1.0,0.0,1.0
788,oscuridad,1.0,1.0,0.0,1.0
789,oscuro,0.0,0.0,0.0,1.0
790,osuno,1.0,1.0,0.0,0.0
791,pacífico,0.0,0.0,1.0,0.0
792,pandemia,0.0,1.0,0.0,1.0
793,pandilla,1.0,1.0,0.0,0.0
794,pánico,0.0,1.0,0.0,0.0
795,paranoia,0.0,1.0,0.0,0.0
796,marginado,0.0,1.0,0.0,1.0
797,parodia,0.0,1.0,0.0,1.0
798,pasión,0.0,0.0,1.0,0.0
799,patada,1.0,0.0,0.0,0.0
800,pateando,1.0,0.0,0.0,0.0
801,patético,0.0,0.0,0.0,1.0
802,paz,0.0,0.0,1.0,0.0
803,pecador,1.0,1.0,0.0,1.0
804,pecaminoso,1.0,1.0,0.0,1.0
805,pelearse,1.0,1.0,0.0,0.0
806,pelea,1.0,0.0,0.0,0.0
807,penetración,1.0,1.0,0.0,0.0
808,penitencia,0.0,1.0,0.0,1.0
809,dolorosamente,0.0,0.0,0.0,1.0
810,perecer,0.0,1.0,0.0,1.0
811,pereciendo,0.0,1.0,0.0,1.0
812,pereció,0.0,0.0,0.0,1.0
813,perfección,0.0,0.0,1.0,0.0
814,perfecto,0.0,0.0,1.0,0.0
815,pernicioso,1.0,1.0,0.0,1.0
816,persecución,1.0,1.0,0.0,1.0
817,perpetrador,1.0,1.0,0.0,1.0
818,perseguir,1.0,1.0,0.0,0.0
819,perturbación,0.0,1.0,0.0,0.0
820,perturbado,1.0,0.0,0.0,1.0
821,perversión,1.0,0.0,0.0,1.0
822,pesadilla,0.0,1.0,0.0,0.0
823,pesimismo,1.0,1.0,0.0,1.0
824,pesimista,0.0,1.0,0.0,1.0
825,pésimo,0.0,1.0,0.0,0.0
826,pestilencia,0.0,1.0,0.0,0.0
827,picadura,1.0,1.0,0.0,0.0
828,pillaje,1.0,1.0,0.0,0.0
829,pistola,1.0,1.0,0.0,0.0
830,playa,0.0,0.0,1.0,0.0
831,plomada,0.0,1.0,0.0,0.0
832,pobre,0.0,0.0,0.0,1.0
833,pobreza,1.0,1.0,0.0,1.0
834,polio,0.0,1.0,0.0,1.0
835,pólvora,0.0,1.0,0.0,0.0
836,poseído,1.0,1.0,0.0,0.0
837,póstumo,0.0,0.0,0.0,1.0
838,precario,0.0,1.0,0.0,1.0
839,precioso,0.0,0.0,1.0,0.0
840,premeditado,0.0,1.0,0.0,0.0
841,premio,0.0,0.0,1.0,0.0
842,preocupación,0.0,0.0,1.0,0.0
843,preocupante,0.0,1.0,0.0,1.0
844,presa,0.0,1.0,0.0,0.0
845,presagio,0.0,1.0,0.0,0.0
846,presentimiento,0.0,1.0,0.0,0.0
847,prima,0.0,0.0,1.0,0.0
848,primogénito,0.0,0.0,1.0,0.0
849,principesco,0.0,0.0,1.0,0.0
850,prisionero,1.0,1.0,0.0,1.0
851,profanación,1.0,1.0,0.0,1.0
852,profano,1.0,0.0,0.0,0.0
853,prohibido,1.0,1.0,0.0,0.0
854,prosperar,0.0,0.0,1.0,0.0
855,provocación,1.0,0.0,0.0,0.0
856,provocador,1.0,0.0,0.0,0.0
857,proyectil,0.0,1.0,0.0,0.0
858,proyectiles,0.0,1.0,0.0,0.0
859,psicosis,1.0,1.0,0.0,1.0
860,pulla,1.0,1.0,0.0,1.0
861,punitivo,1.0,1.0,0.0,1.0
862,puñetazo,1.0,1.0,0.0,1.0
863,purga,0.0,1.0,0.0,0.0
864,purgatorio,0.0,1.0,0.0,0.0
865,putrefacción,0.0,1.0,0.0,1.0
866,querida,0.0,0.0,1.0,0.0
867,rabia,1.0,0.0,0.0,0.0
868,rabioso,1.0,1.0,0.0,1.0
869,radiación,0.0,1.0,0.0,0.0
870,radiante,0.0,0.0,1.0,0.0
871,radioactivo,0.0,1.0,0.0,0.0
872,rapaces,0.0,1.0,0.0,0.0
873,realizar,0.0,0.0,1.0,0.0
874,reavivar,0.0,1.0,1.0,0.0
875,rebelde,1.0,1.0,0.0,0.0
876,rebelión,1.0,1.0,0.0,0.0
877,recaída,0.0,1.0,0.0,1.0
878,recalcitrante,1.0,0.0,0.0,0.0
879,rechaza,1.0,1.0,0.0,1.0
880,rechazado,0.0,0.0,0.0,1.0
881,rechazar,1.0,1.0,0.0,1.0
882,rechazo,1.0,1.0,0.0,1.0
883,recomendable,0.0,0.0,1.0,0.0
884,recreación,0.0,0.0,1.0,0.0
885,regalo,0.0,0.0,1.0,0.0
886,regocijo,0.0,0.0,1.0,0.0
887,rehén,1.0,1.0,0.0,0.0
888,rehuir,1.0,0.0,0.0,1.0
889,rejilla,1.0,0.0,0.0,0.0
890,relámpago,1.0,1.0,0.0,0.0
891,remordimiento,0.0,0.0,0.0,1.0
892,rendición,0.0,1.0,0.0,1.0
893,rendirse,0.0,0.0,0.0,1.0
894,renegado,1.0,0.0,0.0,0.0
895,represalia,1.0,1.0,0.0,1.0
896,represión,0.0,1.0,0.0,0.0
897,reprimenda,1.0,0.0,0.0,0.0
898,repudio,1.0,0.0,0.0,0.0
899,repugnancia,1.0,1.0,0.0,0.0
900,réquiem,0.0,0.0,0.0,1.0
901,rescate,1.0,1.0,0.0,0.0
902,resentido,1.0,0.0,0.0,0.0
903,resignación,0.0,0.0,0.0,1.0
904,resistencia,1.0,0.0,0.0,0.0
905,respeto,0.0,0.0,1.0,0.0
906,resplandeciente,0.0,0.0,1.0,0.0
907,retardar,0.0,1.0,0.0,1.0
908,resplandor,1.0,0.0,1.0,0.0
909,reverenciar,0.0,0.0,1.0,0.0
910,revoltoso,1.0,1.0,0.0,0.0
911,revolución,1.0,1.0,0.0,1.0
912,revólver,1.0,1.0,0.0,1.0
913,revuelta,1.0,0.0,0.0,0.0
914,riesgo,0.0,1.0,0.0,0.0
915,risa,0.0,0.0,1.0,0.0
916,risa nerviosa,0.0,0.0,1.0,0.0
917,reír entredientes,0.0,0.0,1.0,0.0
918,robado,1.0,0.0,0.0,0.0
919,robando,0.0,1.0,0.0,0.0
920,romanticismo,0.0,0.0,1.0,0.0
921,romántico,0.0,0.0,1.0,0.0
922,romper,1.0,1.0,0.0,1.0
923,romance,0.0,1.0,1.0,1.0
924,roto,1.0,1.0,0.0,1.0
925,ruin,1.0,1.0,0.0,0.0
926,ruinoso,1.0,1.0,0.0,1.0
927,sable,1.0,1.0,0.0,0.0
928,saborear,0.0,0.0,1.0,1.0
929,sabotaje,1.0,1.0,0.0,1.0
930,matanza,1.0,1.0,0.0,1.0
931,sacrificio,1.0,1.0,0.0,1.0
932,sacrificios,0.0,1.0,0.0,1.0
933,sacudida,0.0,1.0,0.0,0.0
934,salido,0.0,0.0,0.0,1.0
935,salvaje,1.0,1.0,0.0,0.0
936,salvajismo,1.0,1.0,0.0,0.0
937,samurai,0.0,1.0,0.0,0.0
938,sanguijuelas,0.0,1.0,0.0,0.0
939,sanguinario,1.0,1.0,0.0,0.0
940,santidad,0.0,1.0,1.0,0.0
941,santo,0.0,0.0,1.0,0.0
942,santuario,0.0,0.0,1.0,0.0
943,saquear,1.0,1.0,0.0,1.0
944,sarcoma,0.0,1.0,0.0,1.0
945,sarna,0.0,1.0,0.0,0.0
946,satánico,1.0,0.0,0.0,0.0
947,satisfecho,0.0,0.0,1.0,0.0
948,secuelas,1.0,1.0,0.0,1.0
949,secuestrar,1.0,1.0,0.0,1.0
950,senil,0.0,1.0,0.0,1.0
951,sensacional,0.0,0.0,1.0,0.0
952,ternura,0.0,0.0,1.0,0.0
953,sensibilidad,0.0,0.0,1.0,0.0
954,sensualidad,0.0,0.0,1.0,0.0
955,sentido,0.0,0.0,1.0,1.0
956,septicemia,0.0,1.0,0.0,1.0
957,serenidad,0.0,0.0,1.0,0.0
958,serpiente,0.0,1.0,0.0,0.0
959,desalentador,1.0,1.0,0.0,1.0
960,sexo,0.0,0.0,1.0,0.0
961,síncope,0.0,1.0,0.0,1.0
962,siniestro,1.0,1.0,0.0,0.0
963,sinvergüenza,1.0,1.0,0.0,0.0
964,sirena,0.0,1.0,0.0,0.0
965,apuro,0.0,1.0,0.0,1.0
966,situación,0.0,1.0,0.0,1.0
967,excepcional,0.0,0.0,1.0,0.0
968,sobresaliente,0.0,0.0,1.0,0.0
969,destacar,0.0,0.0,1.0,0.0
970,sobresalir,0.0,0.0,1.0,0.0
971,sofocado,1.0,1.0,0.0,1.0
972,sofocante,0.0,1.0,0.0,1.0
973,soldado,1.0,0.0,0.0,1.0
974,sollozo,0.0,0.0,0.0,1.0
975,sombreado,0.0,1.0,0.0,0.0
976,sonreír,0.0,0.0,1.0,0.0
977,sonriente,0.0,0.0,1.0,0.0
978,sonrisa,0.0,0.0,1.0,0.0
979,sórdido,1.0,1.0,0.0,1.0
980,sorpresa,0.0,1.0,1.0,0.0
981,sospechar,0.0,1.0,0.0,0.0
982,subvertir,0.0,1.0,0.0,1.0
983,subyugación,1.0,1.0,0.0,1.0
984,sudario,0.0,0.0,0.0,1.0
985,sufrimiento,0.0,1.0,0.0,1.0
986,suicida,1.0,1.0,0.0,1.0
987,culebra,1.0,1.0,0.0,1.0
988,superestrella,0.0,0.0,1.0,0.0
989,supersticioso,0.0,1.0,0.0,0.0
990,supresión,1.0,1.0,0.0,0.0
991,suspense,0.0,1.0,0.0,0.0
992,suspenso,0.0,1.0,0.0,0.0
993,susto,0.0,1.0,0.0,0.0
994,tajo,0.0,1.0,0.0,0.0
995,temeroso,0.0,1.0,0.0,1.0
996,tempestad,1.0,1.0,0.0,1.0
997,tensión,1.0,0.0,0.0,0.0
998,tenso,1.0,1.0,0.0,1.0
999,tentador,0.0,0.0,1.0,0.0
1000,terapéutico,0.0,0.0,1.0,0.0
1001,terco,1.0,0.0,0.0,0.0
1002,terminación,0.0,0.0,1.0,1.0
1003,terminal,0.0,1.0,0.0,1.0
1004,terminar,0.0,0.0,0.0,1.0
1005,terriblemente,0.0,0.0,0.0,1.0
1006,terror,0.0,1.0,0.0,0.0
1007,terrorismo,1.0,1.0,0.0,1.0
1008,terrorista,1.0,1.0,0.0,1.0
1009,tesoro,0.0,0.0,1.0,0.0
1010,tifón,0.0,1.0,0.0,0.0
1011,tirador,0.0,1.0,0.0,0.0
1012,tiranía,0.0,1.0,0.0,1.0
1013,tiránico,1.0,1.0,0.0,0.0
1014,tirano,1.0,1.0,0.0,1.0
1015,tonto,0.0,0.0,1.0,0.0
1016,tormenta,1.0,0.0,0.0,0.0
1017,tormento,1.0,1.0,0.0,1.0
1018,tormentoso,0.0,1.0,0.0,0.0
1019,tornado,0.0,1.0,0.0,0.0
1020,torpedo,1.0,0.0,0.0,0.0
1021,torrente,0.0,1.0,0.0,0.0
1022,torticero,1.0,0.0,0.0,0.0
1023,tortuoso,1.0,0.0,0.0,0.0
1024,tortura,1.0,1.0,0.0,1.0
1025,toxina,0.0,1.0,0.0,0.0
1026,tragedia,0.0,1.0,0.0,1.0
1027,traicionar,1.0,0.0,0.0,1.0
1028,traicionero,1.0,1.0,0.0,0.0
1029,traidor,1.0,1.0,0.0,1.0
1030,tranquilidad,0.0,0.0,1.0,0.0
1031,tratar,1.0,1.0,1.0,1.0
1032,traumático,1.0,1.0,0.0,1.0
1033,estruendoso,1.0,1.0,0.0,0.0
1034,tribulación,0.0,1.0,0.0,1.0
1035,triunfante,0.0,0.0,1.0,0.0
1036,triunfo,0.0,0.0,1.0,0.0
1037,fanfarria,0.0,0.0,1.0,0.0
1038,tumulto,1.0,1.0,0.0,0.0
1039,tumultuoso,1.0,1.0,0.0,0.0
1040,turbulencia,1.0,1.0,0.0,0.0
1041,turbulento,0.0,1.0,0.0,0.0
1042,úlcera,1.0,1.0,0.0,1.0
1043,urna,0.0,0.0,0.0,1.0
1044,utópico,0.0,0.0,1.0,0.0
1045,vacaciones,0.0,0.0,1.0,0.0
1046,vampiro,1.0,1.0,0.0,0.0
1047,vegetativo,0.0,0.0,0.0,1.0
1048,vehemente,1.0,1.0,0.0,0.0
1049,vendetta,1.0,1.0,0.0,1.0
1050,veracidad,0.0,0.0,1.0,0.0
1051,vergonzoso,1.0,0.0,0.0,0.0
1052,vértigo,0.0,1.0,0.0,0.0
1053,víbora,0.0,1.0,0.0,0.0
1054,vicioso,1.0,0.0,0.0,0.0
1055,victimizado,1.0,1.0,0.0,1.0
1056,víctor,0.0,0.0,1.0,0.0
1057,victoria,0.0,0.0,1.0,0.0
1058,victorioso,0.0,0.0,1.0,0.0
1059,vigilancia,0.0,1.0,0.0,0.0
1060,vil,0.0,1.0,0.0,1.0
1061,violentamente,1.0,1.0,0.0,1.0
1062,violento,1.0,1.0,0.0,0.0
1063,virtuoso,0.0,0.0,1.0,0.0
1064,virulencia,1.0,1.0,0.0,0.0
1065,visionario,0.0,0.0,1.0,0.0
1066,vitalidad,0.0,0.0,1.0,0.0
1067,viuda,0.0,0.0,0.0,1.0
1068,viudo,0.0,0.0,0.0,1.0
1069,viva,0.0,0.0,1.0,0.0
1070,vivaz,0.0,0.0,1.0,0.0
1071,vívido,0.0,0.0,1.0,0.0
1072,volatilidad,1.0,1.0,0.0,0.0
1073,volcán,0.0,1.0,0.0,0.0
1074,vulgaridad,1.0,0.0,0.0,1.0
1075,vulnerabilidad,0.0,1.0,0.0,1.0
1076,xenofobia,0.0,1.0,0.0,0.0
