,Términos,enfado_(X/5),miedo_(X/4),alegría_(X/5),tristeza_(X/5)
0,abalancha,0.0,1.0,0.0,0.0
1,abandono,0.5,0.75,0.0,1.0
2,abismal,0.0,0.0,0.0,1.0
3,abollado,0.0,1.0,0.0,1.0
4,abominable,0.3333333333333333,1.0,0.0,0.0
5,abominables,0.0,1.0,0.0,0.0
6,abominación,1.0,1.0,0.0,0.0
7,abominaciones,1.0,1.0,0.0,0.0
8,abordada,1.0,0.0,0.0,0.0
9,abordado,1.0,0.0,0.0,0.0
10,aborrecer,1.0,0.6666666666666666,0.0,0.0
11,aborrecible,1.0,0.6666666666666666,0.0,0.0
12,abortiva,0.0,0.0,0.0,1.0
13,abortivo,0.0,0.0,0.0,1.0
14,abortivas,0.0,0.0,0.0,1.0
15,abortivos,0.0,0.0,0.0,1.0
16,aborto,0.0,0.6666666666666666,0.0,1.0
17,abrasadora,1.0,0.0,0.0,0.0
18,abrasador,1.0,0.0,0.0,0.0
19,abrasadoras,1.0,0.0,0.0,0.0
20,abrasadores,1.0,0.0,0.0,0.0
21,abrazado,0.0,0.0,1.0,0.0
22,abrazados,0.0,0.0,1.0,0.0
23,abrumadas,0.0,0.0,0.0,1.0
24,abrumada,0.0,0.0,0.0,1.0
25,abrumado,0.0,0.0,0.0,1.0
26,abrumados,0.0,0.0,0.0,1.0
27,abrumador,1.0,1.0,0.0,0.0
28,abundancia,0.0,0.0,1.0,0.0
29,abuso,1.0,0.75,0.0,0.75
30,acantilado,0.0,1.0,0.0,0.0
31,accidente,0.2,0.8,0.0,0.6
32,absorta,0.0,0.0,0.5,0.0
33,acelerador,1.0,0.0,0.0,0.0
34,absortas,0.0,0.0,0.5,0.0
35,absortos,0.0,0.0,0.5,0.0
36,aclarar,0.0,0.0,1.0,0.0
37,accidentes,0.0,1.0,0.0,1.0
38,aclamación,0.0,0.0,1.0,0.0
39,acoso,0.75,0.75,0.0,0.75
40,aclamaciones,0.0,0.0,1.0,0.0
41,acogedor,0.0,0.0,1.0,0.0
42,acusando,1.0,0.5,0.0,0.0
43,acogedora,0.0,0.0,1.0,0.0
44,acurrucada,0.0,0.0,1.0,0.0
45,admirable,0.0,0.0,1.0,0.0
46,acurrucado,0.0,0.0,1.0,0.0
47,admiración,0.0,0.0,1.0,0.0
48,adorable,0.0,0.0,1.0,0.0
49,veneración,0.0,0.0,0.6666666666666666,0.0
50,adoración,0.0,0.0,1.0,0.0
51,adorar,0.0,0.0,1.0,0.0
52,adulterio,0.3333333333333333,0.0,0.0,1.0
53,afán,0.0,0.0,1.0,0.0
54,acusar,1.0,0.5,0.0,0.5
55,adivinar,0.0,0.0,0.5,0.0
56,afligirse,0.0,0.25,0.0,1.0
57,afortunadísimo,0.0,0.0,1.0,0.0
58,admirables,0.0,0.0,1.0,0.0
59,agitación,0.6666666666666666,0.0,0.0,0.0
60,afecto,0.0,0.0,1.0,0.0
61,agitado,0.6666666666666666,0.0,0.0,0.0
62,afirmativamente,0.0,0.0,1.0,0.0
63,agarrar,1.0,0.0,0.0,0.0
64,agonía,0.3333333333333333,1.0,0.0,1.0
65,agonizante,0.0,0.6666666666666666,0.0,0.0
66,agitada,0.5,0.0,0.0,0.0
67,agitadas,0.5,0.0,0.0,0.0
68,agitados,0.5,0.0,0.0,0.0
69,agorafobia,0.0,1.0,0.0,0.0
70,agotada,0.5,0.0,0.0,0.0
71,agotador,0.6666666666666666,0.6666666666666666,0.0,0.6666666666666666
72,agotadas,0.5,0.0,0.0,0.0
73,agotado,0.5,0.0,0.0,0.0
74,agotados,0.5,0.0,0.0,0.0
75,agrada,0.0,0.0,1.0,0.0
76,agradecido,0.0,0.0,1.0,0.0
77,agradar,0.0,0.0,1.0,0.0
78,agradecer,0.0,0.0,1.0,0.0
79,agradecida,0.0,0.0,1.0,0.0
80,agradecidas,0.0,0.0,1.0,0.0
81,agradecidos,0.0,0.0,1.0,0.0
82,agravación,1.0,0.0,0.0,0.0
83,agravado,1.0,0.0,0.0,0.0
84,agravante,1.0,0.0,0.0,0.6666666666666666
85,agresión,1.0,0.75,0.0,0.25
86,agradeciendo,0.0,0.0,1.0,0.0
87,agrava,1.0,0.0,0.0,0.0
88,agresivo,1.0,0.75,0.0,0.0
89,agravar,1.0,0.0,0.0,0.0
90,lacerante,0.0,1.0,0.0,0.0
91,agudo,0.0,1.0,0.0,0.0
92,agresiva,1.0,0.5,0.0,0.0
93,agresivamente,1.0,0.0,0.0,0.0
94,ahogar,0.75,0.75,0.0,0.75
95,ahogo,1.0,0.0,0.0,0.6666666666666666
96,aguantar,1.0,0.0,0.0,0.0
97,airado,1.0,0.0,0.0,0.0
98,aislamiento,0.0,0.25,0.0,0.75
99,aislar,0.0,0.0,0.0,0.6666666666666666
100,aguja,0.0,1.0,0.0,0.0
101,agujas,0.0,1.0,0.0,0.0
102,ahorcado,0.5,0.0,0.0,0.0
103,alabado,0.0,0.0,0.5,0.0
104,alarma,0.0,0.8,0.0,0.0
105,alarmante,0.0,1.0,0.0,0.0
106,alcoholismo,0.3333333333333333,0.6666666666666666,0.0,0.6666666666666666
107,alegación,1.0,0.0,0.0,0.0
108,alegrarse,0.0,0.0,1.0,0.0
109,alabando,0.0,0.0,1.0,0.0
110,alabanza,0.0,0.0,1.0,0.0
111,alegría,0.0,0.0,1.0,0.0
112,alabanzas,0.0,0.0,1.0,0.0
113,alejado,0.6666666666666666,0.6666666666666666,0.0,0.6666666666666666
114,alegrar,0.0,0.0,1.0,0.0
115,alegraste,0.0,0.0,1.0,0.0
116,alentar,0.0,0.0,1.0,0.0
117,alienación,1.0,1.0,0.0,1.0
118,alegrías,0.0,0.0,1.0,0.0
119,alienado,0.0,0.0,0.0,1.0
120,aleluya,0.0,0.0,1.0,0.0
121,alentado,0.0,0.0,1.0,0.0
122,alienada,0.0,0.0,0.0,1.0
123,alimañas,1.0,1.0,0.0,0.0
124,alienadas,0.0,0.0,0.0,1.0
125,alienados,0.0,0.0,0.0,1.0
126,alimaña,1.0,1.0,0.0,0.0
127,aliviada,0.0,0.0,1.0,0.0
128,altercado,1.0,0.0,0.0,0.0
129,aliviadas,0.0,0.0,1.0,0.0
130,aliviado,0.0,0.0,1.0,0.0
131,aliviados,0.0,0.0,1.0,0.0
132,altercados,1.0,0.0,0.0,0.0
133,alucinando,1.0,0.0,0.0,0.0
134,alucinar,1.0,0.0,0.0,0.0
135,amada,0.0,0.0,1.0,0.0
136,amante,0.25,0.0,0.75,0.0
137,amadas,0.0,0.0,1.0,0.0
138,amado,0.0,0.0,1.0,0.0
139,amargamente,1.0,0.0,0.0,0.6666666666666666
140,amargura,0.6,0.0,0.0,0.8
141,ambición,0.0,0.0,0.6666666666666666,0.0
142,ambicioso,0.0,0.0,0.6666666666666666,0.0
143,amados,0.0,0.0,1.0,0.0
144,amantes,0.0,0.0,0.6666666666666666,0.0
145,amar,0.0,0.0,1.0,0.0
146,ambiciosa,0.0,0.0,0.6666666666666666,0.0
147,amenazador,1.0,0.75,0.0,0.0
148,amenazar,0.8,0.8,0.0,0.2
149,ambiciosas,0.0,0.0,0.6666666666666666,0.0
150,ambiciosos,0.0,0.0,0.6666666666666666,0.0
151,amenazadora,1.0,0.5,0.0,0.0
152,amiga,0.0,0.0,1.0,0.0
153,amistad,0.0,0.0,1.0,0.0
154,amor,0.0,0.0,1.0,0.0
155,amigas,0.0,0.0,1.0,0.0
156,amigo,0.0,0.0,1.0,0.0
157,amigos,0.0,0.0,1.0,0.0
158,amorío,0.0,0.0,0.5,0.0
159,amorosa,0.0,0.0,1.0,0.0
160,anaconda,0.0,1.0,0.0,0.0
161,anarquía,1.0,1.0,0.0,0.0
162,anarquismo,1.0,1.0,0.0,0.0
163,amorosas,0.0,0.0,1.0,0.0
164,anarquista,1.0,1.0,0.0,0.0
165,anatema,0.5,0.5,0.0,1.0
166,ángel,0.0,0.0,0.75,0.0
167,angelical,0.0,0.0,0.6666666666666666,0.0
168,angina de pecho,0.0,0.6666666666666666,0.0,0.0
169,angustioso,0.25,0.5,0.0,0.5
170,amoroso,0.0,0.0,1.0,0.0
171,amorosos,0.0,0.0,1.0,0.0
172,anarquistas,1.0,1.0,0.0,0.0
173,anhelo,0.0,0.0,0.25,0.5
174,animosidad,1.0,0.5,0.0,0.5
175,aniquilación,1.0,1.0,0.0,1.0
176,angustiosa,0.0,0.5,0.0,0.5
177,angustiosas,0.0,0.5,0.0,0.5
178,angustiosos,0.0,0.5,0.0,0.5
179,aniquilado,1.0,1.0,0.0,1.0
180,aniquiladas,1.0,1.0,0.0,1.0
181,aniversario,0.0,0.0,1.0,0.0
182,aniquilados,1.0,1.0,0.0,1.0
183,aniquilar,1.0,1.0,0.0,0.5
184,ansiedad,0.25,0.75,0.0,0.75
185,aniquiliada,1.0,1.0,0.0,1.0
186,ansioso,0.0,0.6666666666666666,0.3333333333333333,0.0
187,anodino,0.0,1.0,0.0,1.0
188,anorexia,0.0,0.6666666666666666,0.0,0.3333333333333333
189,antagonismo,1.0,0.0,0.0,0.0
190,antecristo,1.0,1.0,0.0,0.0
191,ansiosa,0.0,0.5,0.0,0.0
192,antipático,0.75,0.25,0.0,0.5
193,ansiosas,0.0,0.5,0.0,0.0
194,ansiosos,0.0,0.5,0.0,0.0
195,antisocial,0.5,0.5,0.0,1.0
196,antítesis,1.0,0.0,0.0,0.0
197,ántrax,0.0,1.0,0.0,1.0
198,antipática,0.5,0.0,0.0,0.5
199,antipáticas,0.5,0.0,0.0,0.5
200,antipáticos,0.5,0.0,0.0,0.5
201,año nuevo,0.0,0.0,1.0,0.0
202,añorar,0.0,0.0,0.0,1.0
203,aparición,0.0,1.0,0.0,0.0
204,apasionado,0.0,0.0,0.8,0.0
205,añorarte,0.0,0.0,0.0,1.0
206,apagador,0.0,0.0,0.0,0.5
207,apañao,0.0,0.0,1.0,0.0
208,apendicitis,0.0,0.75,0.0,0.25
209,aplastada,0.6666666666666666,0.6666666666666666,0.0,0.6666666666666666
210,apasianadas,0.0,0.0,0.5,0.0
211,devastador,0.6666666666666666,0.6666666666666666,0.0,0.3333333333333333
212,aplastar,0.25,0.5,0.0,0.0
213,apasionada,0.0,0.0,0.5,0.0
214,apasionados,0.0,0.0,0.5,0.0
215,apreciación,0.0,0.0,0.6666666666666666,0.0
216,aplastadas,0.5,0.5,0.0,0.5
217,apocalipsis,1.0,1.0,0.0,1.0
218,aprehender,0.0,1.0,0.0,0.0
219,aprensivo,0.0,0.6666666666666666,0.0,0.0
220,aprecia,0.0,0.0,0.5,0.0
221,apreciado,0.0,0.0,0.5,0.0
222,apreciar,0.0,0.0,0.6666666666666666,0.0
223,apresador,0.0,1.0,0.0,0.0
224,aprensiva,0.0,0.5,0.0,0.0
225,aprensivas,0.0,0.5,0.0,0.0
226,aprensivos,0.0,0.5,0.0,0.0
227,araña,0.0,1.0,0.0,0.0
228,aprovechar,0.0,0.5,0.5,0.0
229,argumentación,0.6666666666666666,0.0,0.0,0.0
230,argumento,0.6666666666666666,0.0,0.0,0.0
231,armado,1.0,0.6666666666666666,0.0,0.0
232,apuntado,0.0,1.0,0.0,0.0
233,armas (de fuego),1.0,0.6666666666666666,0.0,0.0
234,armonía,0.0,0.0,1.0,0.0
235,armoniosamente,0.0,0.0,1.0,0.0
236,absorto,0.0,0.0,0.6666666666666666,0.0
237,aracnofobia,0.0,1.0,0.0,0.0
238,arañas,0.0,1.0,0.0,0.0
239,arma,1.0,0.6666666666666666,0.0,0.3333333333333333
240,arriesgado,0.0,0.75,0.25,0.0
241,arriesgada,0.0,0.5,0.5,0.0
242,arriesgadas,0.0,0.5,0.5,0.0
243,arriesgados,0.0,0.5,0.5,0.0
244,arsénico,0.0,1.0,0.0,0.5
245,asar,0.6666666666666666,0.0,0.0,0.0
246,asco,1.0,0.3333333333333333,0.0,0.6666666666666666
247,asesinar,0.8,0.8,0.0,0.2
248,asfixia,0.0,0.5,0.0,0.0
249,asfixia,0.6666666666666666,0.6666666666666666,0.0,0.0
250,asilo,0.0,0.5,0.0,0.25
251,asombro,0.0,0.0,0.6666666666666666,0.0
252,asombroso,0.0,0.0,1.0,0.0
253,aspirar,0.0,0.0,1.0,0.0
254,astronomía,0.0,0.0,1.0,0.0
255,asustadísimo,0.0,0.5,0.0,0.0
256,asustado,0.0,0.6666666666666666,0.0,0.0
257,asustar,0.0,0.6666666666666666,0.0,0.0
258,asustarse,0.0,0.5,0.0,0.0
259,atacar,1.0,0.6,0.0,0.0
260,ataques,1.0,0.5,0.0,0.0
261,ataque,1.0,0.6,0.0,0.0
262,aterosclerosis,0.0,1.0,0.0,1.0
263,aterrada,0.0,0.5,0.0,0.0
264,aterrador,0.0,0.6666666666666666,0.0,0.0
265,aterroriza,0.0,0.5,0.0,0.0
266,aterrorizar,0.6,0.8,0.0,0.4
267,atornillado,0.6666666666666666,0.0,0.0,0.0
268,atrofia,0.0,0.5,0.0,1.0
269,aterrorizado,0.0,0.6666666666666666,0.0,0.0
270,atroz,1.0,0.25,0.0,0.0
271,atropello,1.0,0.0,0.0,0.0
272,aturdido,0.0,0.6666666666666666,0.0,0.0
273,aturdida,0.0,0.5,0.0,0.0
274,aturdidas,0.0,0.5,0.0,0.0
275,aullido,0.5,0.5,0.0,1.0
276,aturdidos,0.0,0.5,0.0,0.0
277,ausencia,0.0,0.3333333333333333,0.0,1.0
278,aullidos,0.0,0.0,0.0,1.0
279,auténtico,0.25,0.25,0.75,0.25
280,auténtica,0.5,0.5,0.5,0.5
281,auténticas,0.5,0.5,0.5,0.5
282,auténticos,0.5,0.5,0.5,0.5
283,autolesión,0.0,1.0,0.0,0.0
284,autolesiones,0.0,1.0,0.0,0.0
285,autopsia,0.0,0.6666666666666666,0.0,0.6666666666666666
286,avalancha,0.0,1.0,0.0,0.3333333333333333
287,avergonzada,0.0,0.0,0.0,0.5
288,avergonzadas,0.0,0.0,0.0,0.5
289,avergonzado,0.0,0.25,0.0,0.75
290,avergonzados,0.0,0.0,0.0,0.5
291,avispa,0.0,1.0,0.0,0.0
292,azotaina,1.0,0.0,0.0,0.0
293,azotar,1.0,1.0,0.0,0.5
294,bailando,0.0,0.0,1.0,0.0
295,bailar,0.0,0.0,0.6666666666666666,0.0
296,bailes,0.0,0.0,0.5,0.0
297,bastarda,1.0,0.0,0.0,0.0
298,bastardas,1.0,0.0,0.0,0.0
299,baile,0.0,0.0,0.75,0.0
300,bastardos,1.0,0.0,0.0,0.0
301,bancarrota,0.3333333333333333,0.6666666666666666,0.0,1.0
302,bastardo,0.6666666666666666,0.0,0.0,0.3333333333333333
303,batallas,0.5,0.0,0.0,0.0
304,bebés,0.0,0.0,0.5,0.0
305,bendecida,0.0,0.0,1.0,0.0
306,bendecir,0.0,0.0,0.5,0.0
307,batalla,0.6666666666666666,0.0,0.0,0.0
308,batería,0.6666666666666666,0.0,0.0,0.0
309,bendita,0.0,0.0,0.5,0.0
310,bebé,0.0,0.0,0.75,0.0
311,belicoso,1.0,0.6666666666666666,0.0,0.0
312,beligerante,1.0,1.0,0.0,0.0
313,belleza,0.0,0.0,1.0,0.0
314,bendito,0.0,0.0,0.5,0.0
315,bendecido,0.0,0.0,1.0,0.0
316,bengala,1.0,0.0,0.0,0.0
317,bendición,0.0,0.0,0.6666666666666666,0.0
318,bendiciones,0.0,0.0,1.0,0.0
319,bengalas,1.0,0.0,0.0,0.0
320,berrinche,1.0,0.0,0.0,0.0
321,besos,0.0,0.0,1.0,0.0
322,bestias,1.0,1.0,0.0,0.0
323,bienestar,0.0,0.0,0.75,0.0
324,birria,0.0,0.0,0.0,1.0
325,beso,0.0,0.0,1.0,0.0
326,blasfema,1.0,0.0,0.0,0.0
327,bestia,0.6666666666666666,1.0,0.0,0.0
328,boda,0.0,0.0,1.0,0.0
329,bilis,0.75,0.0,0.0,0.0
330,biopsia,0.0,1.0,0.0,0.0
331,bodas,0.0,0.0,1.0,0.0
332,bisturí,0.0,1.0,0.0,0.0
333,blasfemia,0.5,0.5,0.0,0.0
334,bofetadas,1.0,0.0,0.0,0.0
335,blasfemo,1.0,0.0,0.0,0.0
336,bloqueo,0.3333333333333333,0.6666666666666666,0.0,0.3333333333333333
337,bombardero,0.0,1.0,0.0,0.0
338,bombarderos,0.0,1.0,0.0,0.0
339,bombas,1.0,1.0,0.0,1.0
340,bofetada,1.0,0.3333333333333333,0.0,0.3333333333333333
341,bomba,1.0,1.0,0.0,1.0
342,bombeado,0.0,0.0,1.0,0.0
343,bombardear,1.0,1.0,0.0,0.3333333333333333
344,botes,0.0,0.0,1.0,0.0
345,bravo,0.5,0.0,0.5,0.0
346,brigadas,0.0,1.0,0.0,0.0
347,bonanza,0.0,0.0,1.0,0.0
348,bondad,0.0,0.0,0.8,0.0
349,arrasar,1.0,1.0,0.0,0.0
350,bronca,1.0,0.0,0.0,0.0
351,bote,0.0,0.0,1.0,0.0
352,broncas,1.0,0.0,0.0,0.0
353,brote,0.0,1.0,0.0,0.0
354,brigada,0.0,1.0,0.0,0.0
355,brillar,0.0,0.0,0.6666666666666666,0.0
356,luz solar,0.0,0.0,1.0,0.0
357,brotes,0.0,1.0,0.0,0.0
358,brujas,0.0,1.0,0.0,0.0
359,brujos,0.0,1.0,0.0,0.0
360,bruta,1.0,0.5,0.0,0.0
361,bruja,0.5,1.0,0.0,0.0
362,brujo,0.0,1.0,0.0,0.0
363,buen día,0.0,0.0,1.0,0.0
364,buena,0.0,0.0,0.5,0.0
365,brutal,1.0,0.6666666666666666,0.0,0.0
366,brutalidad,1.0,0.75,0.0,0.25
367,buenos días,0.0,0.0,1.0,0.0
368,bruto,1.0,0.6666666666666666,0.0,0.3333333333333333
369,bulimia,0.0,0.5,0.0,0.0
370,bulliciosa,0.0,0.0,0.5,0.0
371,bueno,0.0,0.0,0.8,0.0
372,bulliciosas,0.0,0.0,0.5,0.0
373,bulliciosos,0.0,0.0,0.5,0.0
374,cagado,0.5,0.5,0.0,0.0
375,cagao,0.0,1.0,0.0,0.0
376,caidas,0.0,1.0,0.0,1.0
377,bullicioso,0.25,0.0,0.75,0.0
378,caimán,0.0,1.0,0.0,0.0
379,calentado,1.0,0.0,0.0,0.0
380,calentar,1.0,0.0,0.0,0.0
381,caída,0.0,0.75,0.0,0.75
382,caliente,0.5,0.0,0.0,0.0
383,calamidad,0.0,0.0,0.0,1.0
384,calientes,1.0,0.0,0.0,0.0
385,cállate,0.5,0.0,0.0,0.0
386,calma,0.0,0.0,1.0,0.0
387,calor,0.0,0.0,0.75,0.0
388,calina,0.5,0.5,0.0,0.0
389,campeona,0.0,0.0,0.6666666666666666,0.0
390,calloso,1.0,0.0,0.0,0.0
391,campeonas,0.0,0.0,0.5,0.0
392,campeones,0.0,0.0,0.5,0.0
393,canta,0.0,0.0,0.5,0.0
394,canto,0.0,0.0,0.5,0.0
395,cañones,0.5,1.0,0.0,0.0
396,campeón,0.0,0.0,0.75,0.0
397,cáncer,0.75,0.75,0.0,0.75
398,caníbal,0.0,1.0,0.0,0.0
399,caótica,1.0,0.0,0.0,0.0
400,caóticas,1.0,0.0,0.0,0.0
401,caóticos,1.0,0.0,0.0,0.0
402,cañón,0.6666666666666666,1.0,0.0,0.0
403,caos,1.0,1.0,0.0,1.0
404,caprichosa,0.0,0.0,0.5,0.0
405,caprichosas,0.0,0.0,0.5,0.0
406,caprichosos,0.0,0.0,0.5,0.0
407,caótico,1.0,0.0,0.0,0.0
408,cardiomiopatía,0.0,1.0,0.0,0.0
409,caricia,0.0,0.0,0.6666666666666666,0.0
410,caricias,0.0,0.0,1.0,0.0
411,caprichoso,0.0,0.0,0.6666666666666666,0.0
412,carcinoma,0.0,1.0,0.0,1.0
413,caritativa,0.0,0.0,1.0,0.0
414,caritativas,0.0,0.0,1.0,0.0
415,caritativos,0.0,0.0,1.0,0.0
416,carnaval,0.0,0.0,1.0,0.0
417,carnicera,1.0,1.0,0.0,0.0
418,carniceros,1.0,1.0,0.0,0.0
419,caritativo,0.0,0.0,1.0,0.0
420,carreras,0.0,0.5,0.0,0.0
421,carnicería,0.6666666666666666,0.6666666666666666,0.0,0.6666666666666666
422,casa,0.0,0.0,0.6666666666666666,0.0
423,casas,0.0,0.0,0.5,0.0
424,carnicero,1.0,1.0,0.0,0.0
425,carnívoro,0.0,1.0,0.0,0.0
426,castigos,1.0,0.5,0.0,0.0
427,apoplejía,0.0,1.0,0.0,0.5
428,castrar,1.0,0.0,0.0,0.0
429,catástrofes,1.0,1.0,0.0,1.0
430,casar,0.0,0.5,1.0,0.0
431,castigado,1.0,0.6666666666666666,0.0,0.6666666666666666
432,castigar,0.5,0.75,0.0,0.25
433,cautiva,0.0,1.0,0.0,1.0
434,castigo,0.8,0.6,0.0,0.4
435,cautivos,0.0,1.0,0.0,1.0
436,cazadores,0.0,1.0,0.0,0.0
437,catástrofe,1.0,1.0,0.0,1.0
438,cautivar,0.0,0.0,0.75,0.0
439,cautiverio,0.0,0.0,0.0,1.0
440,celebraciones,0.0,0.0,1.0,0.0
441,celebrar,0.0,0.0,1.0,0.0
442,cautivo,0.0,1.0,0.0,1.0
443,caza,0.3333333333333333,0.6666666666666666,0.0,0.0
444,cementerios,0.0,1.0,0.0,1.0
445,cazador,0.3333333333333333,0.6666666666666666,0.0,0.3333333333333333
446,ceguera,0.0,0.25,0.0,0.75
447,celebracion,0.0,0.0,0.75,0.0
448,cerrar,1.0,0.0,0.0,0.0
449,celebrado,0.0,0.0,1.0,0.0
450,celebrando,0.0,0.0,1.0,0.0
451,chantajes,1.0,1.0,0.0,0.0
452,celo,0.0,0.0,1.0,0.0
453,celos,1.0,0.4,0.0,0.4
454,cementerio,0.0,0.75,0.0,0.75
455,chica,0.0,0.0,0.5,0.0
456,centelleo,0.0,0.0,1.0,0.0
457,frunciendo,0.5,0.0,0.0,1.0
458,cercanía,0.0,0.0,0.6666666666666666,0.0
459,chico,0.0,0.0,0.5,0.0
460,chantaje,1.0,0.6666666666666666,0.0,0.0
461,chocar,1.0,1.0,0.0,0.0
462,ciérralo,1.0,0.0,0.0,0.0
463,claustrofobia,0.0,1.0,0.0,0.0
464,chocando,1.0,1.0,0.0,0.0
465,chorro,0.0,0.0,1.0,0.0
466,cianuro,0.0,1.0,0.0,0.0
467,ciclón,0.0,0.75,0.0,0.0
468,claustrófobo,0.0,1.0,0.0,0.0
469,cobardes,0.0,1.0,0.0,0.0
470,cirugía,0.0,1.0,0.0,0.3333333333333333
471,citomegalovirus,0.0,0.0,0.0,1.0
472,cocodrilos,0.0,1.0,0.0,0.0
473,colapso,0.0,1.0,0.0,0.0
474,clímax,0.0,0.0,1.0,0.0
475,coacción,1.0,1.0,0.0,1.0
476,colapso,0.0,0.0,0.0,1.0
477,cobarde,0.0,0.6666666666666666,0.0,0.3333333333333333
478,cobardemente,0.0,1.0,0.0,0.0
479,cobardía,0.0,1.0,0.0,0.5
480,cobra,0.0,0.6666666666666666,0.0,0.0
481,colgar,0.5,0.5,0.0,0.5
482,cocodrilo,0.0,1.0,0.0,0.0
483,coerción,1.0,1.0,0.0,0.5
484,colisiones,1.0,0.0,0.0,0.0
485,combatido,1.0,1.0,0.0,1.0
486,cólera,0.6,0.4,0.0,0.4
487,combativa,1.0,1.0,0.0,0.0
488,colgando,1.0,1.0,0.0,1.0
489,combativas,1.0,1.0,0.0,0.0
490,colisión,1.0,0.0,0.0,0.0
491,colmillo,0.0,1.0,0.0,0.0
492,colmillos,0.0,1.0,0.0,0.0
493,coma,0.0,0.6666666666666666,0.0,0.6666666666666666
494,comatoso,0.0,1.0,0.0,1.0
495,combativos,1.0,1.0,0.0,0.0
496,combatiente,1.0,1.0,0.0,0.0
497,complemento,0.0,0.0,1.0,0.0
498,completar,0.0,0.0,0.5,0.0
499,comprometida,0.0,0.0,1.0,0.0
500,combativo,1.0,1.0,0.0,0.0
501,comodidad,0.0,0.0,1.0,0.0
502,comprometidas,0.0,0.0,1.0,0.0
503,comprometidos,0.0,0.0,1.0,0.0
504,condolencias,0.0,0.0,0.0,1.0
505,confinada,1.0,1.0,0.0,1.0
506,confinadas,1.0,1.0,0.0,1.0
507,comprometido,0.0,0.0,1.0,0.0
508,comunismo,1.0,1.0,0.0,0.5
509,concusión,0.5,0.0,0.0,1.0
510,condenado,0.25,0.5,0.0,0.75
511,condescendencia,1.0,0.0,0.0,0.5
512,condolencia,0.0,0.0,0.0,1.0
513,confinados,1.0,1.0,0.0,1.0
514,confianza,0.0,0.25,1.0,0.0
515,confidente,0.0,0.0,1.0,0.0
516,confortable,0.0,0.0,1.0,0.0
517,conmovedor,0.0,0.0,1.0,0.0
518,conmovedora,0.0,0.0,1.0,0.0
519,confinado,1.0,1.0,0.0,1.0
520,confinamiento,1.0,1.0,0.0,0.5
521,confinar,1.0,1.0,0.0,0.5
522,conflagración,1.0,1.0,0.0,0.0
523,conflicto,0.6666666666666666,0.6666666666666666,0.0,0.3333333333333333
524,conmovedores,0.0,0.0,1.0,0.0
525,confrontar,1.0,0.0,0.3333333333333333,0.0
526,congratulatorio,0.0,0.0,1.0,0.0
527,consolador,0.0,0.0,1.0,0.0
528,conspiradores,1.0,1.0,0.0,0.0
529,consumado,0.0,0.0,1.0,0.0
530,consola,0.0,0.0,0.0,1.0
531,contagios,0.0,0.5,0.0,0.0
532,contaminada,0.0,0.5,0.0,0.5
533,conspirador,1.0,1.0,0.0,0.0
534,contenta,0.0,0.0,1.0,0.0
535,contentamiento,0.0,0.0,1.0,0.0
536,contagio,0.0,0.6666666666666666,0.0,0.0
537,contagioso,0.0,0.6666666666666666,0.0,0.0
538,contentas,0.0,0.0,1.0,0.0
539,contaminado,0.0,0.6666666666666666,0.0,0.6666666666666666
540,contencioso,1.0,0.5,0.0,0.0
541,contenido,0.0,0.5,1.0,0.0
542,contentos,0.0,0.0,1.0,0.0
543,convulsión,0.0,1.0,0.0,0.0
544,coño,1.0,0.0,0.5,0.0
545,copas,0.0,0.0,0.5,0.0
546,contento,0.0,0.0,1.0,0.0
547,contrabandista,0.5,1.0,0.0,0.0
548,contrabando,0.5,1.0,0.0,0.0
549,corazón,0.0,0.0,0.6666666666666666,0.0
550,corazones,0.0,0.0,0.5,0.0
551,corromper,1.0,0.5,0.0,0.5
552,corrosiva,0.0,1.0,0.0,0.0
553,corrosivos,0.0,1.0,0.0,0.0
554,coronación,0.0,0.0,0.6666666666666666,0.0
555,cretina,1.0,0.0,0.0,0.0
556,corrompiendo,1.0,1.0,0.0,1.0
557,cretino,1.0,0.0,0.0,0.0
558,cretinos,1.0,0.0,0.0,0.0
559,corrosivo,0.0,1.0,0.0,0.0
560,cremación,0.0,0.0,0.0,0.6666666666666666
561,crimen,0.6666666666666666,0.6666666666666666,0.0,0.3333333333333333
562,crímenes,1.0,1.0,0.0,0.0
563,criminal,1.0,1.0,0.0,0.0
564,criminales,1.0,1.0,0.0,0.0
565,criptas,0.0,0.5,0.0,0.5
566,crisis,0.3333333333333333,0.6666666666666666,0.0,1.0
567,cristo,0.0,0.0,0.5,0.0
568,criminalidad,1.0,1.0,0.0,0.0
569,crucero,0.0,0.0,0.6666666666666666,0.0
570,cripta,0.0,0.6666666666666666,0.0,0.6666666666666666
571,cruceros,0.0,0.0,0.5,0.0
572,cruelmente,1.0,1.0,0.0,0.0
573,crónico,0.0,0.0,0.0,0.6666666666666666
574,cruzar,0.5,0.0,0.0,0.0
575,cuchillada,1.0,0.0,0.0,0.0
576,crucifixión,0.6666666666666666,1.0,0.0,1.0
577,crueldad,1.0,0.75,0.0,0.75
578,cuerpos,0.0,0.5,0.0,0.5
579,culminate,0.0,0.0,0.5,0.0
580,cuarentena,0.0,0.6666666666666666,0.0,0.0
581,culpables,1.0,0.0,0.0,0.5
582,cumpliendo,0.0,0.0,1.0,0.0
583,cuerpo de animal muerto,0.0,1.0,0.0,1.0
584,cuerpo,0.0,0.5,0.0,0.5
585,cumplir,0.0,0.0,1.0,0.0
586,dagas,0.0,1.0,0.0,0.0
587,culpable,0.8,0.0,0.0,0.8
588,culto,0.0,0.6666666666666666,0.3333333333333333,0.0
589,cumpleaños,0.0,0.0,1.0,0.0
590,debilidad,0.0,0.0,0.0,1.0
591,cumplimiento,0.0,0.0,1.0,0.0
592,debilidades,0.0,0.0,0.0,1.0
593,decaer,0.0,0.3333333333333333,0.0,0.6666666666666666
594,daga,0.0,1.0,0.0,0.0
595,dañar,0.6666666666666666,0.6666666666666666,0.0,0.6666666666666666
596,daño,0.5,0.5,0.0,0.75
597,daños,0.0,0.0,0.0,1.0
598,debacle,0.0,0.5,0.0,1.0
599,decepcionada,0.0,0.0,0.0,1.0
600,decepcionadas,0.0,0.0,0.0,1.0
601,decepcionados,0.0,0.0,0.0,1.0
602,decepciones,0.0,0.0,0.0,1.0
603,decepción,0.0,0.0,0.0,1.0
604,defectuoso,0.0,0.3333333333333333,0.0,0.6666666666666666
605,deformada,0.0,0.0,0.0,1.0
606,déjame,1.0,0.0,0.0,0.0
607,decepcionado,0.3333333333333333,0.0,0.0,1.0
608,decepcionante,0.0,0.0,0.0,1.0
609,decepcionar,0.5,0.25,0.0,1.0
610,dejar,1.0,0.0,0.0,0.0
611,deformado,0.0,0.0,0.0,1.0
612,deformidad,0.0,1.0,0.0,1.0
613,degeneración,0.6666666666666666,0.0,0.0,0.6666666666666666
614,degradante,0.0,0.6666666666666666,0.0,0.6666666666666666
615,deleite,0.0,0.0,1.0,0.0
616,deleites,0.0,0.0,1.0,0.0
617,delicada,0.0,0.5,0.5,0.0
618,delicadas,0.0,0.5,0.5,0.0
619,impresionable ,0.0,1.0,0.0,0.0
620,delicado,0.0,0.5,0.5,0.0
621,delicados,0.0,0.5,0.5,0.0
622,delirios,1.0,0.0,1.0,1.0
623,demencia,0.0,1.0,0.0,0.0
624,delirio,0.6666666666666666,0.3333333333333333,0.6666666666666666,0.6666666666666666
625,dementes,0.0,1.0,0.0,0.0
626,demencia,0.0,0.6666666666666666,0.0,1.0
627,demolido,0.0,0.0,0.0,1.0
628,demolidos,0.0,0.0,0.0,1.0
629,demente,0.0,0.6666666666666666,0.0,0.3333333333333333
630,demoler,1.0,0.0,0.0,1.0
631,denuncias,0.5,0.0,0.0,0.0
632,depravada,1.0,1.0,0.0,1.0
633,demoníaco,1.0,1.0,0.0,1.0
634,denuncia,0.6666666666666666,0.3333333333333333,0.0,0.0
635,depravados,1.0,1.0,0.0,1.0
636,denunciar,1.0,0.0,0.0,0.0
637,deplorable,0.6666666666666666,0.6666666666666666,0.0,1.0
638,deplorar,0.6666666666666666,0.0,0.0,1.0
639,deportación,0.5,1.0,0.0,1.0
640,deportar,0.0,0.5,0.0,1.0
641,depravación,1.0,0.0,0.0,0.0
642,depresiva,0.0,0.0,0.0,1.0
643,depresivas,0.0,0.0,0.0,1.0
644,depresivos,0.0,0.0,0.0,1.0
645,depravado,1.0,1.0,0.0,1.0
646,deprravadas,1.0,1.0,0.0,1.0
647,derrotada,0.0,0.0,0.0,1.0
648,derrotados,0.0,0.0,0.0,1.0
649,depresivo,0.0,0.0,0.0,1.0
650,deprimente,0.0,0.0,0.0,1.0
651,deprimir,0.0,0.25,0.0,1.0
652,derrocamiento,0.0,1.0,0.0,0.0
653,derrumbe,0.0,1.0,0.0,0.0
654,derrumbes,0.0,1.0,0.0,0.0
655,derrotado,0.0,0.0,0.0,1.0
656,desafiantes,0.5,0.0,0.0,0.0
657,desafíos,0.5,0.5,0.0,0.0
658,desacreditar,1.0,0.0,0.0,0.0
659,desafortunada,0.0,0.0,0.0,1.0
660,desafiante,0.6666666666666666,0.0,0.0,0.0
661,desafiar,1.0,0.5,0.0,0.5
662,desahogándome,0.5,0.0,0.0,0.0
663,desafío,0.6666666666666666,0.6666666666666666,0.0,0.0
664,tristemente,0.0,0.0,0.0,1.0
665,desahogar,1.0,0.0,0.0,0.0
666,desafortunado,0.3333333333333333,0.3333333333333333,0.0,1.0
667,desalentado,0.0,0.0,0.0,1.0
668,desalentador,0.0,0.0,0.0,1.0
669,desalentadora,0.0,0.5,0.0,0.5
670,desalentadoras,0.0,0.5,0.0,0.5
671,desalentadores,0.0,0.5,0.0,0.5
672,desanimar,0.0,0.25,0.0,1.0
673,desalentados,0.0,0.0,0.0,1.0
674,desalmada,0.0,0.0,0.0,1.0
675,desalmado,0.0,0.5,0.0,1.0
676,desalojar,0.0,0.0,0.0,1.0
677,desalojo,0.5,1.0,0.0,1.0
678,desalmados,0.0,0.0,0.0,1.0
679,desamor,0.5,0.5,0.0,1.0
680,desanimada,0.0,0.0,0.0,1.0
681,desanimadas,0.0,0.0,0.0,1.0
682,desanimado,0.0,0.0,0.0,1.0
683,desanimados,0.0,0.0,0.0,1.0
684,desastre,0.5,0.75,0.0,0.75
685,desaparición,0.0,0.6666666666666666,0.0,0.3333333333333333
686,desastrosa,0.5,0.5,0.0,0.5
687,desastroso,0.6666666666666666,0.6666666666666666,0.0,0.6666666666666666
688,desastrosos,0.5,0.5,0.0,0.5
689,desatraillar,1.0,0.0,0.0,0.0
690,desbordante,0.0,0.0,1.0,0.0
691,descanso,0.0,0.0,0.6666666666666666,0.0
692,descarada,0.5,0.0,0.0,0.0
693,descaradas,0.5,0.0,0.0,0.0
694,descarado,0.6666666666666666,0.0,0.0,0.0
695,descomposición,0.0,0.5,0.0,1.0
696,descompuesto,0.0,0.0,0.0,0.6666666666666666
697,descarados,0.5,0.0,0.0,0.0
698,desdeñosa,1.0,0.0,0.0,0.0
699,desdeñosas,1.0,0.0,0.0,0.0
700,desdeñoso,1.0,0.0,0.0,0.0
701,desdeñosos,1.0,0.0,0.0,0.0
702,desdichada,0.0,0.0,0.0,1.0
703,desdichado,0.0,0.0,0.0,1.0
704,desesperado,0.0,0.25,0.0,0.75
705,desdichados,0.0,0.0,0.0,1.0
706,desesperada,0.0,0.0,0.0,0.5
707,desesperadas,0.0,0.0,0.0,0.5
708,desesperanzado,0.0,0.6666666666666666,0.0,0.6666666666666666
709,desesperados,0.0,0.0,0.0,0.5
710,desestresada,0.0,0.0,1.0,0.0
711,desestresado,0.0,0.0,1.0,0.0
712,desfigurado,1.0,1.0,0.0,1.0
713,desfile,0.0,0.5,1.0,0.0
714,desfigurada,1.0,1.0,0.0,1.0
715,desfogue,1.0,0.0,0.0,0.0
716,desgarrador,0.0,0.3333333333333333,0.0,0.6666666666666666
717,desgarradora,0.0,0.5,0.0,0.5
718,desechar,0.3333333333333333,0.0,0.0,0.6666666666666666
719,desgarradores,0.0,0.5,0.0,0.5
720,deshonesta,1.0,0.0,0.0,0.0
721,deshonestas,1.0,0.0,0.0,0.0
722,deshonesto,1.0,0.0,0.0,0.5
723,deshonra,0.3333333333333333,0.3333333333333333,0.0,0.6666666666666666
724,deshonestos,1.0,0.0,0.0,0.0
725,deshonrada,0.5,0.0,0.0,0.5
726,deshonrados,0.5,0.0,0.0,0.5
727,deshonrado,0.6666666666666666,0.0,0.0,0.6666666666666666
728,deshonras,0.0,0.0,0.0,0.5
729,desigualdad,0.6666666666666666,0.3333333333333333,0.0,1.0
730,desigualdades,0.0,0.0,0.0,1.0
731,desilusión,0.3333333333333333,0.0,0.0,1.0
732,desintegrarse,0.0,0.6666666666666666,0.0,0.0
733,desleal,0.3333333333333333,0.0,0.0,1.0
734,desilusiones,0.0,0.0,0.0,1.0
735,flagrante,1.0,0.0,0.0,0.0
736,desleales,0.0,0.0,0.0,1.0
737,deslumbramiento,0.5,0.0,0.0,0.0
738,deslustre,0.0,0.0,0.0,1.0
739,desmembramiento,0.0,1.0,0.0,1.0
740,deslumbrante,0.0,0.0,0.5,0.0
741,desmoralizado,0.0,1.0,0.0,1.0
742,desmoralizada,0.0,1.0,0.0,1.0
743,desmoronándose,0.0,0.0,0.0,1.0
744,desmoronar,0.0,0.0,0.0,1.0
745,lúgrube,0.0,0.0,0.0,1.0
746,ilegalidad,1.0,1.0,0.0,0.0
747,desorden,0.5,0.5,0.0,0.0
748,fastidiar,1.0,0.0,0.0,0.0
749,despiadada,0.5,0.5,0.0,0.0
750,despiadadas,0.5,0.5,0.0,0.0
751,despiadados,0.5,0.5,0.0,0.0
752,despiadado,0.25,0.75,0.0,0.0
753,despido,0.5,0.5,0.0,1.0
754,desplazado,0.5,0.5,0.0,1.0
755,despojado,0.5,0.5,0.0,1.0
756,desposeída,0.0,1.0,0.0,1.0
757,desposeídas,0.0,1.0,0.0,1.0
758,desposeídos,0.0,1.0,0.0,1.0
759,desposeído,0.5,1.0,0.0,1.0
760,despótico,1.0,1.0,0.0,0.0
761,despotismo,0.5,1.0,0.0,0.5
762,despotricando,1.0,0.0,0.0,0.0
763,despotricar,1.0,0.0,0.0,0.0
764,despreciables,0.0,0.0,0.0,1.0
765,despreciable,0.3333333333333333,0.0,0.0,0.6666666666666666
766,despreciar,0.8,0.0,0.0,0.4
767,desprecio,0.8,0.2,0.0,0.4
768,despreocupada,0.0,0.0,1.0,0.0
769,despreocupadas,0.0,0.0,1.0,0.0
770,despreocupado,0.0,0.0,1.0,0.0
771,despreocupados,0.0,0.0,1.0,0.0
772,destello,0.5,0.5,0.5,0.0
773,desterrar,1.0,0.6666666666666666,0.0,1.0
774,destierro,0.5,0.0,0.0,1.0
775,destrozada,0.0,0.0,0.0,0.5
776,destrozado,0.6666666666666666,0.6666666666666666,0.0,0.6666666666666666
777,destrucción,0.75,0.5,0.0,0.25
778,destructiva,1.0,1.0,0.0,0.0
779,destructivas,1.0,1.0,0.0,0.0
780,destructivos,1.0,1.0,0.0,0.0
781,destructivo,1.0,1.0,0.0,0.0
782,destructor,1.0,1.0,0.0,0.0
783,destruida,1.0,1.0,0.0,1.0
784,destruidos,1.0,1.0,0.0,1.0
785,destruido,1.0,1.0,0.0,1.0
786,destruir,1.0,0.6666666666666666,0.0,0.6666666666666666
787,destruyendo,1.0,1.0,0.0,1.0
788,detenida,0.0,1.0,0.0,0.0
789,detenidos,0.0,1.0,0.0,0.0
790,detenido,0.5,1.0,0.0,0.5
791,deteriorarse,0.0,1.0,0.0,0.5
792,deterioro,0.25,0.5,0.0,0.75
793,detonación,1.0,0.0,0.0,0.0
794,detonar,0.0,1.0,0.0,0.0
795,devaneo,0.0,0.0,1.0,0.0
796,devastación,0.6666666666666666,0.6666666666666666,0.0,1.0
797,devastada,0.0,0.0,0.0,1.0
798,devastado,0.0,0.0,0.0,1.0
799,devastados,0.0,0.0,0.0,1.0
800,devastador,0.6666666666666666,0.6666666666666666,0.0,1.0
801,devastar,0.6,0.6,0.0,1.0
802,diablo,0.3333333333333333,0.6666666666666666,0.0,0.3333333333333333
803,diablos,0.0,0.5,0.0,0.0
804,diamantes,0.0,0.0,1.0,0.0
805,diamante,0.0,0.0,1.0,0.0
806,dichosa,0.0,0.0,0.5,0.0
807,dichosas,0.0,0.0,0.5,0.0
808,dichoso,0.0,0.0,0.75,0.0
809,dichosos,0.0,0.0,0.5,0.0
810,dictador,0.3333333333333333,1.0,0.0,0.3333333333333333
811,dictadura,1.0,1.0,0.0,1.0
812,dictatorial,1.0,0.0,0.0,0.0
813,difamatorio,1.0,0.0,0.0,0.0
814,dificultad,0.25,0.5,0.0,0.5
815,difunta,0.0,0.0,0.0,0.5
816,difuntos,0.0,0.0,0.0,0.5
817,difunto,0.0,0.25,0.0,0.75
818,dignidad,0.0,0.0,1.0,0.0
819,dinero,0.25,0.0,0.75,0.0
820,diosa,0.0,0.0,0.6666666666666666,0.0
821,dios,0.0,0.3333333333333333,0.6666666666666666,0.0
822,discapacidad,0.0,0.0,0.0,1.0
823,discapacitada,0.0,0.0,0.0,1.0
824,discapacitado,0.0,0.0,0.0,1.0
825,discapacitados,0.0,0.0,0.0,1.0
826,discorde,0.0,1.0,0.0,0.5
827,discordia,1.0,0.0,0.0,0.0
828,discriminación,1.0,0.5,0.0,1.0
829,discriminar,1.0,0.0,0.0,0.5
830,discutir,1.0,0.0,0.0,0.0
831,disensión,1.0,0.0,0.0,0.0
832,disentería,0.0,0.0,0.0,1.0
833,disfrutando,0.0,0.0,1.0,0.0
834,disfrutar,0.0,0.0,1.0,0.0
835,disgustos,0.0,0.0,0.0,0.5
836,disgusto,0.6,0.2,0.0,0.6
837,disonancia,1.0,0.0,0.0,0.0
838,disparar,1.0,1.0,0.0,0.3333333333333333
839,disparidad,1.0,0.0,0.0,1.0
840,disputas,1.0,0.0,0.0,0.0
841,disputa,1.0,0.0,0.0,0.2
842,disturbio,0.6666666666666666,0.3333333333333333,0.0,0.3333333333333333
843,disturbios,0.5,0.0,0.0,0.0
844,diversión,0.0,0.0,1.0,0.0
845,divertidísimo,0.0,0.0,1.0,0.0
846,divertida,0.0,0.0,1.0,0.0
847,divertidas,0.0,0.0,1.0,0.0
848,divertidos,0.0,0.0,1.0,0.0
849,divertido,0.0,0.0,1.0,0.0
850,divorcio,0.6666666666666666,0.6666666666666666,0.0,1.0
851,dolorosa,0.0,0.5,0.0,0.5
852,dolorosas,0.0,0.5,0.0,0.5
853,dolorosos,0.0,0.5,0.0,0.5
854,doloroso,0.25,0.5,0.0,0.75
855,dominación,1.0,0.6666666666666666,0.3333333333333333,0.3333333333333333
856,dominar,1.0,0.3333333333333333,0.3333333333333333,0.0
857,dragón,0.0,1.0,0.0,0.0
858,drogada,0.0,0.0,0.0,1.0
859,drogadas,0.0,0.0,0.0,1.0
860,drogados,0.0,0.0,0.0,1.0
861,drogado,0.0,0.0,0.0,1.0
862,dulce,0.0,0.0,1.0,0.0
863,dulces,0.0,0.0,1.0,0.0
864,dulcísimo,0.0,0.0,1.0,0.0
865,dulzura,0.0,0.0,0.6666666666666666,0.0
866,dureza,0.6666666666666666,0.6666666666666666,0.0,0.0
867,edificante,0.0,0.0,1.0,0.0
868,ejecución,1.0,1.0,0.0,1.0
869,elación,0.0,0.0,1.0,0.0
870,elegancia,0.0,0.0,1.0,0.0
871,elegantes,0.0,0.0,1.0,0.0
872,elegante,0.0,0.0,1.0,0.0
873,eliminación,0.5,1.0,0.0,1.0
874,élite,0.0,0.0,0.6666666666666666,0.0
875,embellecer,0.0,0.0,1.0,0.0
876,embellecimiento,0.0,0.0,1.0,0.0
877,embolia,0.0,0.75,0.0,0.75
878,embolia,0.0,0.5,0.0,0.0
879,emboscada,1.0,1.0,0.0,0.0
880,emboscadas,1.0,1.0,0.0,0.0
881,emergencia,0.0,1.0,0.0,1.0
882,emetofobia,0.0,1.0,0.0,0.0
883,emocionada,0.0,0.0,1.0,0.0
884,emocionadas,0.0,0.0,1.0,0.0
885,emocionado,0.0,0.0,1.0,0.0
886,emocionados,0.0,0.0,1.0,0.0
887,empeorar,0.5,0.0,0.0,0.5
888,empeorando,0.3333333333333333,0.0,0.0,0.6666666666666666
889,empequeñecer,1.0,0.5,0.0,1.0
890,empujones,1.0,0.0,0.0,0.0
891,empujón,1.0,0.0,0.0,0.0
892,enamorada,0.0,0.0,1.0,0.0
893,enamoradas,0.0,0.0,1.0,0.0
894,enamorado,0.0,0.0,1.0,0.0
895,enamorados,0.0,0.0,1.0,0.0
896,encabronando,1.0,0.0,0.0,0.0
897,encadenar,1.0,1.0,0.0,1.0
898,encaja,1.0,0.0,0.0,0.0
899,encantadísimo,0.0,0.0,1.0,0.0
900,encantar,0.0,0.0,1.0,0.0
901,encarcelada,0.0,1.0,0.0,1.0
902,encarcelados,0.0,1.0,0.0,1.0
903,encarcelado,0.5,1.0,0.0,1.0
904,encarcelamiento,1.0,1.0,0.0,1.0
905,enclenques,0.0,0.0,0.0,1.0
906,enclenque,0.0,0.5,0.0,1.0
907,encogerse,0.0,1.0,0.0,1.0
908,encolerizada,1.0,0.0,0.0,0.0
909,encolerizadas,1.0,0.0,0.0,0.0
910,encolerizado,1.0,0.0,0.0,0.0
911,encolerizados,1.0,0.0,0.0,0.0
912,encolerizar,1.0,0.0,0.0,0.0
913,endémico,0.0,0.5,0.0,1.0
914,endocarditis,0.0,1.0,0.0,1.0
915,enemistad,1.0,0.6666666666666666,0.0,0.3333333333333333
916,enervada,0.0,1.0,0.0,0.0
917,enervado,0.0,1.0,0.0,0.0
918,enfados,1.0,0.0,0.0,0.0
919,enfado,1.0,0.0,0.0,0.0
920,enfermiza,0.0,0.0,0.0,0.5
921,enfermizas,0.0,0.0,0.0,0.5
922,enfermizos,0.0,0.0,0.0,0.5
923,enfermizo,0.0,0.0,0.0,0.6666666666666666
924,enfermo,0.0,0.3333333333333333,0.0,0.6666666666666666
925,enfurece,1.0,0.0,0.0,0.0
926,enfermos,0.0,0.0,0.0,0.6666666666666666
927,enfurecer,1.0,0.25,0.0,0.25
928,engañada,1.0,0.0,0.0,0.5
929,engañadas,1.0,0.0,0.0,0.5
930,engañados,1.0,0.0,0.0,0.5
931,engañosa,0.5,0.0,0.0,0.5
932,engañado,1.0,0.25,0.0,0.5
933,engañosas,0.5,0.0,0.0,0.5
934,engañosos,0.5,0.0,0.0,0.5
935,enhorabuena,0.0,0.0,1.0,0.0
936,engañoso,0.6666666666666666,0.0,0.0,0.6666666666666666
937,enloquecerme,0.5,0.0,0.0,0.0
938,enjuiciar,1.0,1.0,0.0,1.0
939,enloquecida,0.0,0.5,0.0,0.0
940,enloquecidas,0.0,0.5,0.0,0.0
941,enloquecido,0.0,0.5,0.0,0.0
942,enloquecido,0.5,0.0,0.0,0.0
943,enloquecer,0.6666666666666666,0.6666666666666666,0.0,0.0
944,enloquecidos,0.0,0.5,0.0,0.0
945,enojadísimo,0.5,0.0,0.0,0.0
946,enójame,0.5,0.0,0.0,0.0
947,enojar,1.0,0.0,0.0,0.0
948,enredada,0.5,0.0,0.0,0.0
949,enorme,0.6666666666666666,0.0,0.0,0.0
950,enredadas,0.5,0.0,0.0,0.0
951,enredados,0.5,0.0,0.0,0.0
952,enterrada,0.0,0.5,0.0,0.5
953,enredado,0.6666666666666666,0.3333333333333333,0.0,0.3333333333333333
954,ensueño,0.0,0.0,0.6666666666666666,0.0
955,enterradora,0.0,0.0,0.0,0.5
956,enterrado,0.0,0.6666666666666666,0.0,0.6666666666666666
957,enterradores,0.0,0.0,0.0,0.5
958,entrada,0.5,0.0,0.0,0.0
959,enterrador,0.0,0.0,0.0,0.75
960,entradas,0.5,0.0,0.0,0.0
961,entrenimientos,0.0,0.0,1.0,0.0
962,envenedados,1.0,0.5,0.0,0.5
963,entretenimiento,0.0,0.0,1.0,0.0
964,entusiasmo,0.0,0.0,1.0,0.0
965,envenenada,1.0,0.5,0.0,0.5
966,envenenadas,1.0,0.5,0.0,0.5
967,erótica,0.0,0.0,1.0,0.0
968,envenenado,1.0,0.6666666666666666,0.0,0.6666666666666666
969,epidemia,0.5,1.0,0.0,1.0
970,epitafio,0.0,0.0,0.0,0.6666666666666666
971,eróticos,0.0,0.0,1.0,0.0
972,escándalos,0.0,0.5,0.0,0.0
973,erótico,0.0,0.0,1.0,0.0
974,erradicación,1.0,1.0,0.0,0.0
975,erradicar,1.0,0.0,0.0,0.0
976,erupción,1.0,1.0,0.0,0.0
977,escalar,0.6666666666666666,0.0,0.0,0.0
978,escandalosa,0.5,0.0,0.0,0.0
979,escándalo,0.3333333333333333,0.6666666666666666,0.0,0.3333333333333333
980,escandalosas,0.5,0.0,0.0,0.0
981,escandalosos,0.5,0.0,0.0,0.0
982,esclava,1.0,1.0,0.0,1.0
983,escandaloso,0.6666666666666666,0.0,0.0,0.0
984,escaramuza,1.0,0.0,0.0,0.0
985,esclavas,1.0,1.0,0.0,1.0
986,esclavizada,1.0,1.0,0.0,1.0
987,esclavizado,1.0,1.0,0.0,1.0
988,esclavizados,1.0,1.0,0.0,1.0
989,esclavos,1.0,1.0,0.0,1.0
990,escorpiones,0.0,1.0,0.0,0.0
991,esclavo,1.0,0.6666666666666666,0.0,1.0
992,espanto,0.0,0.6666666666666666,0.0,0.0
993,escorpión,0.3333333333333333,1.0,0.0,0.0
994,embate,1.0,0.0,0.0,0.0
995,esfuerzo,0.3333333333333333,0.0,0.3333333333333333,0.0
996,elogio,0.0,0.0,1.0,0.0
997,espantosa,0.0,0.5,0.0,0.0
998,aterrado,0.0,0.75,0.0,0.0
999,espantosamente,0.0,0.0,0.5,0.0
1000,espantosas,0.0,0.5,0.0,0.0
1001,espantosos,0.0,0.5,0.0,0.0
1002,espectacular,0.0,0.0,1.0,0.0
1003,esperanza,0.0,0.0,1.0,0.0
1004,espantoso,0.2,0.8,0.0,0.2
1005,especial,0.0,0.0,1.0,0.0
1006,esperanzada,0.0,0.0,1.0,0.0
1007,espeluznante,0.0,1.0,0.0,0.0
1008,espléndida,0.0,0.0,1.0,0.0
1009,espléndidas,0.0,0.0,1.0,0.0
1010,esperanzado,0.0,0.0,1.0,0.0
1011,espléndidos,0.0,0.0,1.0,0.0
1012,espumoso,1.0,0.0,0.0,0.0
1013,estrago,0.5,0.5,0.0,0.5
1014,espléndido,0.0,0.0,1.0,0.0
1015,esplendor,0.0,0.0,1.0,0.0
1016,esposa,0.0,0.0,0.6666666666666666,0.0
1017,estresada,0.0,1.0,0.0,0.0
1018,esquizofrenia,0.3333333333333333,0.6666666666666666,0.0,0.6666666666666666
1019,estallar,1.0,0.3333333333333333,0.0,0.0
1020,esterilidad,0.0,0.0,0.0,1.0
1021,estresadas,0.0,1.0,0.0,0.0
1022,estragos,0.6666666666666666,0.6666666666666666,0.0,0.3333333333333333
1023,estrangular,0.75,0.75,0.0,0.75
1024,estremecimiento,0.0,1.0,0.0,0.0
1025,estresado,0.0,1.0,0.0,0.0
1026,estresados,0.0,1.0,0.0,0.0
1027,estruendosa,0.5,0.5,0.0,0.0
1028,estruendosas,0.5,0.5,0.0,0.0
1029,estridente,1.0,0.5,0.0,0.0
1030,estruendosos,0.5,0.5,0.0,0.0
1031,estrujando,0.0,0.5,0.0,0.5
1032,estrujar,0.0,0.5,0.0,0.5
1033,estúpida,1.0,0.0,0.0,0.0
1034,estúpidas,1.0,0.0,0.0,0.0
1035,estúpido,1.0,0.0,0.0,0.0
1036,esvástica,1.0,1.0,0.0,0.0
1037,estúpidos,1.0,0.0,0.0,0.0
1038,euforia,0.0,0.0,1.0,0.0
1039,evacuar,0.0,1.0,0.0,0.0
1040,evasión,0.0,1.0,0.0,0.5
1041,exacerbación,1.0,0.6666666666666666,0.0,0.0
1042,exaltación,0.0,0.0,0.6666666666666666,0.0
1043,exaltar,0.0,0.0,0.75,0.0
1044,excelencia,0.0,0.0,1.0,0.0
1045,excelente,0.0,0.0,1.0,0.0
1046,excitación,0.5,0.5,1.0,0.0
1047,excitar,0.25,0.25,1.0,0.0
1048,eutanasia,0.0,1.0,0.0,1.0
1049,excluida,0.0,0.0,0.0,1.0
1050,excluidas,0.0,0.0,0.0,1.0
1051,excluido,0.0,0.0,0.0,1.0
1052,exclusión,0.3333333333333333,1.0,0.0,1.0
1053,exilio,0.6666666666666666,1.0,0.0,1.0
1054,excluidos,0.0,0.0,0.0,1.0
1055,éxito,0.0,0.0,0.8,0.0
1056,éxitos,0.0,0.0,1.0,0.0
1057,exitosa,0.0,0.0,0.5,0.0
1058,exitosas,0.0,0.0,0.5,0.0
1059,exitoso,0.0,0.0,0.75,0.0
1060,exorcismo,0.0,1.0,0.0,1.0
1061,expirar,0.0,0.0,0.0,1.0
1062,expletivo,1.0,0.0,0.0,0.0
1063,explosivo,1.0,1.0,0.0,0.0
1064,explotar,1.0,1.0,0.0,1.0
1065,exitosos,0.0,0.0,0.5,0.0
1066,exprimir,1.0,0.5,0.0,0.0
1067,exprimiendo,0.0,1.0,0.0,0.0
1068,éxtasis,0.0,0.0,1.0,0.0
1069,extático,0.0,0.0,1.0,0.0
1070,exterminar,0.25,0.75,0.0,0.75
1071,exquisito,0.0,0.0,1.0,0.0
1072,exterminio,0.6666666666666666,0.6666666666666666,0.0,0.0
1073,exterminios,0.5,0.5,0.0,0.0
1074,extinguida,0.0,1.0,0.0,0.0
1075,extinguidas,0.0,1.0,0.0,0.0
1076,extinguido,0.0,0.5,0.0,0.5
1077,extinguidos,0.0,1.0,0.0,0.0
1078,exuberancia,0.0,0.0,1.0,0.0
1079,extinto,0.0,0.0,0.0,1.0
1080,fabulosa,0.0,0.0,1.0,0.0
1081,fabulosas,0.0,0.0,1.0,0.0
1082,fabuloso,0.0,0.0,1.0,0.0
1083,fabulosos,0.0,0.0,1.0,0.0
1084,fácil,0.0,0.0,1.0,0.0
1085,facilísimo,0.0,0.0,1.0,0.0
1086,fallecida,0.0,0.0,0.0,0.5
1087,fallecidas,0.0,0.0,0.0,0.5
1088,fallecido,0.0,0.0,0.0,0.6666666666666666
1089,fallecimiento,0.0,0.6666666666666666,0.0,0.6666666666666666
1090,falta,0.6666666666666666,0.3333333333333333,0.0,0.0
1091,fallecidos,0.0,0.0,0.0,0.5
1092,fantasmal,0.0,1.0,0.0,0.0
1093,fatal,0.6666666666666666,0.6666666666666666,0.0,0.6666666666666666
1094,fatalidad,0.0,0.75,0.0,0.75
1095,familia,0.0,0.0,0.6666666666666666,0.0
1096,favorable,0.0,0.0,1.0,0.0
1097,favorables,0.0,0.0,1.0,0.0
1098,favorecida,0.0,0.0,1.0,0.0
1099,favorecidas,0.0,0.0,1.0,0.0
1100,favorecido,0.0,0.0,1.0,0.0
1101,favorecidos,0.0,0.0,1.0,0.0
1102,favorita,0.0,0.0,0.5,0.0
1103,favoritas,0.0,0.0,0.5,0.0
1104,favorito,0.0,0.0,0.75,0.0
1105,fealdad,0.0,0.3333333333333333,0.0,0.6666666666666666
1106,felicidad,0.0,0.0,1.0,0.0
1107,favoritos,0.0,0.0,0.5,0.0
1108,felicitación,0.0,0.0,1.0,0.0
1109,feliz,0.0,0.0,1.0,0.0
1110,felicitaciones,0.0,0.0,1.0,0.0
1111,felizmente,0.0,0.0,1.0,0.0
1112,felón,0.0,1.0,0.0,0.0
1113,féretro,0.0,0.5,0.0,1.0
1114,ferocidad,1.0,0.0,0.0,0.0
1115,feliz año,0.0,0.0,1.0,0.0
1116,festival,0.0,0.0,1.0,0.0
1117,festivo,0.0,0.0,1.0,0.0
1118,feudo,1.0,0.0,0.0,0.0
1119,fervor,0.5,0.0,0.5,0.0
1120,fiel,0.0,0.0,1.0,0.0
1121,fiesta,0.0,0.0,1.0,0.0
1122,fiestas,0.0,0.0,1.0,0.0
1123,flor,0.0,0.0,1.0,0.0
1124,florecer,0.0,0.0,1.0,0.0
1125,flores,0.0,0.0,1.0,0.0
1126,fobia,0.0,1.0,0.0,0.0
1127,fobias,0.0,1.0,0.0,0.0
1128,follarse,1.0,0.0,0.0,0.0
1129,fortuna,0.0,0.0,0.75,0.0
1130,fortalecimiento,0.0,0.0,1.0,0.0
1131,fortunas,0.0,0.0,0.5,0.0
1132,forzada,0.0,1.0,0.0,0.0
1133,forzadas,0.0,1.0,0.0,0.0
1134,forzado,0.0,0.6666666666666666,0.0,0.0
1135,forzados,0.0,1.0,0.0,0.0
1136,forzar,0.0,1.0,0.0,0.0
1137,forzosamente,1.0,1.0,0.0,0.0
1138,frenéticamente,0.0,0.5,0.0,0.0
1139,freza,1.0,0.0,0.0,0.0
1140,friki,0.0,1.0,0.0,0.0
1141,frustaciones,1.0,0.0,0.0,0.0
1142,frustración,1.0,0.25,0.0,0.25
1143,frustadas,1.0,0.0,0.0,0.0
1144,frustra,1.0,0.0,0.0,0.0
1145,frustrada,1.0,0.0,0.0,0.0
1146,frustrado,1.0,0.0,0.0,0.25
1147,frustrados,1.0,0.0,0.0,0.0
1148,frustrar,1.0,0.0,0.0,0.3333333333333333
1149,fuego,0.0,1.0,0.0,0.0
1150,fuelle,1.0,0.0,0.0,0.0
1151,frustrante,1.0,0.0,0.0,0.0
1152,fugitiva,0.0,1.0,0.0,0.0
1153,fugitivas,0.0,1.0,0.0,0.0
1154,fugitivo,0.3333333333333333,1.0,0.0,0.3333333333333333
1155,funeral,0.0,0.2,0.0,0.8
1156,furia,1.0,0.6,0.0,0.2
1157,fugitivos,0.0,1.0,0.0,0.0
1158,furiosa,1.0,0.0,0.0,0.0
1159,furiosas,1.0,0.0,0.0,0.0
1160,furioso,1.0,0.0,0.0,0.0
1161,furor,1.0,0.0,0.0,0.0
1162,furiosos,1.0,0.0,0.0,0.0
1163,furtivismo,1.0,0.0,0.0,1.0
1164,furtivo,1.0,0.0,0.0,0.0
1165,furtivos,1.0,0.0,0.0,0.0
1166,ganadora,0.0,0.0,1.0,0.0
1167,ganadoras,0.0,0.0,1.0,0.0
1168,ganador,0.0,0.0,1.0,0.0
1169,ganadores,0.0,0.0,1.0,0.0
1170,ganancias,0.0,0.0,1.0,0.0
1171,ganar,0.0,0.0,1.0,0.0
1172,ganancia,0.0,0.0,1.0,0.0
1173,garras,0.5,1.0,0.0,0.0
1174,garra,0.0,1.0,0.0,0.0
1175,generosa,0.0,0.0,1.0,0.0
1176,generosas,0.0,0.0,1.0,0.0
1177,generoso,0.0,0.0,1.0,0.0
1178,genial,0.0,0.0,1.0,0.0
1179,generosos,0.0,0.0,1.0,0.0
1180,genialidad,0.0,0.0,1.0,0.0
1181,genocidio,0.0,0.5,0.0,0.0
1182,gimoteo,0.0,0.0,0.0,1.0
1183,gilipollas,1.0,0.0,0.0,0.0
1184,gloria,0.0,0.0,1.0,0.0
1185,glorificación,0.0,0.0,1.0,0.0
1186,glorificar,0.0,0.0,1.0,0.0
1187,gilipollas,1.0,0.0,0.0,0.0
1188,glorias,0.0,0.0,1.0,0.0
1189,gloriosa,0.0,0.0,1.0,0.0
1190,gloriosas,0.0,0.0,1.0,0.0
1191,glorioso,0.0,0.0,1.0,0.0
1192,gloriosos,0.0,0.0,1.0,0.0
1193,golpear,1.0,0.5,0.0,0.0
1194,golosina,0.0,0.0,0.5,0.0
1195,gonorrea,0.5,1.0,0.0,1.0
1196,gota,0.0,1.0,0.0,0.0
1197,golosinas,0.0,0.0,0.5,0.0
1198,golpeteo,0.0,1.0,0.0,0.0
1199,gracia,0.0,0.0,1.0,0.0
1200,granada,0.0,1.0,0.0,0.0
1201,gran día,0.0,0.0,1.0,0.0
1202,grandeza,0.0,0.0,1.0,0.0
1203,granadas,0.0,1.0,0.0,0.0
1204,grandezas,0.0,0.0,1.0,0.0
1205,gratitud,0.0,0.0,1.0,0.0
1206,gratificante,0.0,0.0,1.0,0.0
1207,grave,0.5,0.75,0.0,0.75
1208,gravoso,0.0,0.5,0.0,1.0
1209,gratis,0.0,0.0,1.0,0.0
1210,graves,0.5,0.5,0.0,0.5
1211,gruñendo,1.0,0.0,0.0,0.0
1212,gritando,0.5,0.5,0.0,0.0
1213,gritar,0.5,0.5,0.0,0.0
1214,gruñido,1.0,0.0,0.0,0.0
1215,guarida,0.0,1.0,0.0,0.0
1216,gruñidos,1.0,0.0,0.0,0.0
1217,gruñir,1.0,1.0,0.0,0.0
1218,guerrilla,0.0,1.0,0.0,0.0
1219,guillotina,1.0,1.0,0.0,0.6666666666666666
1220,gusto,0.0,0.0,1.0,0.0
1221,guay,0.0,0.0,1.0,0.0
1222,guerrillas,0.0,1.0,0.0,0.0
1223,hambruna,0.0,0.0,0.0,0.6666666666666666
1224,hacer añicos,1.0,1.0,0.0,1.0
1225,halagüeña,0.0,0.0,0.5,0.0
1226,halagüeño,0.0,0.0,0.5,0.0
1227,hemorragia,0.0,1.0,0.0,1.0
1228,heraldo,0.5,1.0,0.0,0.0
1229,harta,1.0,0.0,0.0,0.0
1230,harto,1.0,0.0,0.0,0.0
1231,herido,0.0,0.75,0.0,0.5
1232,hartos,1.0,0.0,0.0,0.0
1233,herida,0.0,0.5,0.0,0.0
1234,heridos,0.0,0.5,0.0,0.0
1235,hermosa,0.0,0.0,1.0,0.0
1236,hermosas,0.0,0.0,1.0,0.0
1237,hermoso,0.0,0.0,1.0,0.0
1238,héroe,0.0,0.0,1.0,0.0
1239,hermosos,0.0,0.0,1.0,0.0
1240,héroes,0.0,0.0,1.0,0.0
1241,heroico,0.0,0.0,1.0,0.0
1242,heroísmo,0.0,0.0,1.0,0.0
1243,hidrocefalia,0.0,0.5,0.0,1.0
1244,heroica,0.0,0.0,1.0,0.0
1245,heroicos,0.0,0.0,1.0,0.0
1246,heroína,0.0,0.3333333333333333,0.6666666666666666,0.0
1247,hija,0.0,0.0,0.75,0.0
1248,hilaridad,0.0,0.0,1.0,0.0
1249,hipertrofia,0.0,1.0,0.0,0.0
1250,hijas,0.0,0.0,0.5,0.0
1251,hijo,0.0,0.0,0.6666666666666666,0.0
1252,hijos,0.0,0.0,0.5,0.0
1253,hiperventilando,0.0,1.0,0.0,0.0
1254,histeria,0.0,1.0,0.0,0.0
1255,hiperventilar,0.0,1.0,0.0,0.0
1256,hipócrita,0.5,0.0,0.0,0.0
1257,hipócritas,0.5,0.0,0.0,0.0
1258,histérico,0.3333333333333333,0.6666666666666666,0.0,0.0
1259,histérica,0.0,0.5,0.0,0.0
1260,histéricas,0.0,0.5,0.0,0.0
1261,histéricos,0.0,0.5,0.0,0.0
1262,holocausto,0.3333333333333333,0.3333333333333333,0.0,0.6666666666666666
1263,homicida,1.0,1.0,0.0,0.3333333333333333
1264,homicidio,0.75,0.75,0.0,0.75
1265,hogar,0.0,0.0,0.6666666666666666,0.0
1266,holocausto,0.5,0.5,0.0,0.0
1267,holocausto,0.0,0.5,0.0,0.0
1268,honrada,0.0,0.0,1.0,0.0
1269,horca,0.6666666666666666,1.0,0.0,0.6666666666666666
1270,honradas,0.0,0.0,1.0,0.0
1271,honrado,0.0,0.0,1.0,0.0
1272,honrados,0.0,0.0,1.0,0.0
1273,horrendo,0.5,0.75,0.0,0.5
1274,horripilante,0.0,1.0,0.0,0.6666666666666666
1275,horror,0.4,0.8,0.0,0.2
1276,horrenda,0.5,0.5,0.0,0.5
1277,horrendas,0.5,0.5,0.0,0.5
1278,horrores,0.0,0.6666666666666666,0.0,0.6666666666666666
1279,horrendos,0.5,0.5,0.0,0.5
1280,horror,0.0,0.5,0.0,0.0
1281,horror,0.0,0.0,0.0,0.5
1282,horrorizado,0.0,0.75,0.0,0.0
1283,horrorizada,0.0,0.5,0.0,0.0
1284,horrorizadas,0.0,0.5,0.0,0.0
1285,horrorizados,0.0,0.5,0.0,0.0
1286,horrorosa,0.0,0.5,0.0,0.0
1287,horroroso,0.0,0.8,0.0,0.0
1288,hospicio,0.0,0.0,0.0,1.0
1289,hostilidad,1.0,0.0,0.0,0.0
1290,hostilidades,1.0,0.6666666666666666,0.0,0.0
1291,huelga,1.0,0.0,0.0,0.0
1292,horrorosamente,0.0,0.75,0.0,0.5
1293,horrorosas,0.0,0.5,0.0,0.0
1294,horrorosos,0.0,0.5,0.0,0.0
1295,huérfano,0.0,0.3333333333333333,0.0,1.0
1296,huérfana,0.0,0.0,0.0,1.0
1297,huérfanas,0.0,0.0,0.0,1.0
1298,huérfanos,0.0,0.0,0.0,1.0
1299,huida,0.0,1.0,0.0,1.0
1300,huir,0.0,0.6666666666666666,0.0,0.6666666666666666
1301,humillar,1.0,0.0,0.0,0.75
1302,huidas,0.0,1.0,0.0,0.0
1303,humorístico,0.0,0.0,1.0,0.0
1304,huracán,0.0,1.0,0.0,0.3333333333333333
1305,huido,0.0,0.5,0.0,0.5
1306,hurra,0.0,0.0,1.0,0.0
1307,idiota,1.0,0.0,0.0,0.0
1308,huidos,0.0,1.0,0.0,0.0
1309,humor,0.0,0.0,1.0,0.0
1310,iluminación,0.0,0.0,0.6666666666666666,0.0
1311,huracanes,0.0,1.0,0.0,0.0
1312,imbécil,1.0,0.0,0.0,0.0
1313,idiotas,1.0,0.0,0.0,0.0
1314,impío,0.5,1.0,0.0,1.0
1315,ilumina,0.0,0.0,0.5,0.0
1316,ilustración,0.0,0.0,0.5,0.0
1317,imbéciles,1.0,0.0,0.0,0.0
1318,imposible,0.0,0.0,0.0,0.6666666666666666
1319,imposición,0.0,1.0,0.0,1.0
1320,impotente,0.6666666666666666,0.6666666666666666,0.0,0.6666666666666666
1321,imponente,0.0,0.5,0.0,0.5
1322,imponentes,0.0,0.5,0.0,0.5
1323,imposibles,0.0,0.0,0.0,0.5
1324,inaguantable,0.3333333333333333,0.0,0.0,0.6666666666666666
1325,inanición,0.0,1.0,0.0,1.0
1326,improperio,0.0,1.0,0.0,0.0
1327,improperios,0.0,1.0,0.0,0.0
1328,inaguantables,0.0,0.0,0.0,1.0
1329,inanimada,0.0,1.0,0.0,1.0
1330,inanimadas,0.0,1.0,0.0,1.0
1331,incendiario,1.0,1.0,0.0,0.0
1332,incesto,0.3333333333333333,0.6666666666666666,0.0,0.6666666666666666
1333,incienso,0.6666666666666666,0.0,0.0,0.0
1334,incitar,0.3333333333333333,0.6666666666666666,0.0,0.0
1335,inanimado,0.0,1.0,0.0,1.0
1336,inanimados,0.0,1.0,0.0,1.0
1337,inconcebible,0.5,1.0,0.0,0.0
1338,incautación,0.0,1.0,0.0,0.0
1339,incorpóreo,0.0,1.0,0.0,1.0
1340,incriminación,0.0,1.0,0.0,1.0
1341,íncubo,0.0,1.0,0.0,0.0
1342,incomodidad,0.0,0.0,0.0,1.0
1343,incumplido,0.5,0.0,0.0,1.0
1344,inconcebibles,0.0,1.0,0.0,0.0
1345,incurable,0.6666666666666666,1.0,0.0,1.0
1346,incursión,0.5,1.0,0.0,0.0
1347,incorpóreos,0.0,1.0,0.0,1.0
1348,independencia,0.0,0.0,1.0,0.0
1349,incumplida,0.0,0.0,0.0,1.0
1350,indeseable,0.5,0.5,0.0,1.0
1351,incurables,0.0,1.0,0.0,1.0
1352,independencias,0.0,0.0,1.0,0.0
1353,indeseables,0.0,0.0,0.0,1.0
1354,indeseada,0.0,0.0,0.0,1.0
1355,indigente,0.0,1.0,0.0,1.0
1356,indignación,1.0,0.0,0.0,0.0
1357,indeseadas,0.0,0.0,0.0,1.0
1358,indispuesto,0.5,0.0,0.0,1.0
1359,indeseado,0.0,0.0,0.0,1.0
1360,inestabilidad,0.0,1.0,0.0,0.0
1361,inexcusable,1.0,0.0,0.0,0.5
1362,infanticidio,1.0,1.0,0.0,0.5
1363,indeseados,0.0,0.0,0.0,1.0
1364,infarto,0.0,0.75,0.0,0.25
1365,indispuesta,1.0,0.0,0.0,1.0
1366,infección,0.0,0.75,0.0,0.0
1367,inerte,0.0,1.0,0.0,1.0
1368,infeccioso,0.0,1.0,0.0,0.5
1369,infartos,0.0,0.5,0.0,0.0
1370,infecciones,0.0,0.5,0.0,0.0
1371,infeliz,0.2,0.0,0.0,1.0
1372,infernal,0.6666666666666666,0.6666666666666666,0.0,0.6666666666666666
1373,infestación,0.0,1.0,0.0,0.0
1374,infidelidad,0.5,0.5,0.0,1.0
1375,infecciosa,0.0,1.0,0.0,0.0
1376,infiel,0.5,1.0,0.0,0.0
1377,infelices,0.0,0.0,0.0,1.0
1378,inhumanidad,0.0,0.0,0.0,1.0
1379,inhumano,0.5,1.0,0.0,1.0
1380,injustificable,0.6666666666666666,0.3333333333333333,0.0,0.0
1381,infelicidad,0.0,0.0,0.0,1.0
1382,infieles,0.0,1.0,0.0,0.0
1383,inhabilitar,0.0,1.0,0.0,1.0
1384,injusto,0.6666666666666666,0.0,0.0,0.0
1385,injusta,0.5,0.0,0.0,0.0
1386,inmersión,0.0,1.0,0.0,0.0
1387,inmoral,0.75,0.25,0.0,0.5
1388,injustas,0.5,0.0,0.0,0.0
1389,injustos,0.5,0.0,0.0,0.0
1390,inmejorable,0.0,0.0,1.0,0.0
1391,insano,1.0,1.0,0.0,0.0
1392,inservible,0.0,0.0,0.0,1.0
1393,insidioso,1.0,1.0,0.0,0.0
1394,insidiosa,1.0,1.0,0.0,0.0
1395,insignificante,1.0,0.0,0.0,0.3333333333333333
1396,insidiosas,1.0,1.0,0.0,0.0
1397,insidiosos,1.0,1.0,0.0,0.0
1398,insignificantes,1.0,0.0,0.0,0.0
1399,inspirado,0.0,0.0,1.0,0.0
1400,insoportable,1.0,0.0,0.0,0.0
1401,inspección,0.0,0.0,0.5,0.0
1402,inspirar,0.0,0.0,1.0,0.0
1403,insultante,1.0,0.3333333333333333,0.0,0.3333333333333333
1404,insulto,1.0,0.0,0.0,0.5
1405,inspirada,0.0,0.0,1.0,0.0
1406,insuperable,0.0,1.0,0.0,1.0
1407,insurrección,1.0,0.0,0.0,0.0
1408,interrogatorio,0.0,0.6666666666666666,0.0,0.0
1409,íntimamente,0.0,0.3333333333333333,0.6666666666666666,0.0
1410,intimidación,0.75,0.75,0.0,0.0
1411,intimidar,0.25,0.75,0.0,0.0
1412,inspirador,0.0,0.0,1.0,0.0
1413,inspiradora,0.0,0.0,1.0,0.0
1414,insuperables,0.0,1.0,0.0,1.0
1415,íntimo,0.0,0.0,0.75,0.0
1416,íntima,0.0,0.0,0.5,0.0
1417,intolerable,1.0,0.0,0.0,0.0
1418,íntimas,0.0,0.0,0.5,0.0
1419,intolerancia,0.5,1.0,0.0,0.0
1420,íntimos,0.0,0.0,0.5,0.0
1421,intolerante,1.0,0.6666666666666666,0.0,0.6666666666666666
1422,intolerables,1.0,0.0,0.0,0.0
1423,intratable,1.0,0.0,0.0,0.0
1424,intolerancias,0.0,1.0,0.0,0.0
1425,intolerantes,1.0,0.5,0.0,0.5
1426,inútil,0.3333333333333333,0.0,0.0,0.6666666666666666
1427,intratables,1.0,0.0,0.0,0.0
1428,inundar,0.0,0.5,0.0,0.0
1429,invasión,1.0,1.0,0.0,0.0
1430,inútiles,0.5,0.0,0.0,0.5
1431,invasor,0.6666666666666666,1.0,0.0,0.3333333333333333
1432,invalorable,0.0,0.0,1.0,0.0
1433,inyección,0.0,1.0,0.0,0.0
1434,invasiones,1.0,1.0,0.0,0.0
1435,irreconciliable,1.0,0.5,0.0,1.0
1436,invasores,1.0,1.0,0.0,0.0
1437,irreparable,0.0,1.0,0.0,1.0
1438,inyecciones,0.0,1.0,0.0,0.0
1439,irreconciliables,1.0,0.0,0.0,1.0
1440,irreparables,0.0,1.0,0.0,1.0
1441,irrespetuoso,1.0,0.3333333333333333,0.0,0.6666666666666666
1442,irritabilidad,0.75,0.0,0.0,0.0
1443,irrespetuosa,1.0,0.0,0.0,1.0
1444,irritable,0.75,0.0,0.0,0.0
1445,irrespetuosas,1.0,0.0,0.0,1.0
1446,irritante,0.75,0.0,0.0,0.0
1447,irrespetuosos,1.0,0.0,0.0,1.0
1448,irritables,0.5,0.0,0.0,0.0
1449,irritantes,0.5,0.0,0.0,0.0
1450,irritar,0.75,0.0,0.0,0.0
1451,jaranear,0.0,0.0,1.0,0.0
1452,jovial,0.0,0.0,1.0,0.0
1453,joder,1.0,0.0,0.0,0.0
1454,joya,0.0,0.0,1.0,0.0
1455,jódete,1.0,0.0,0.0,0.0
1456,jubiloso,0.0,0.0,1.0,0.0
1457,joyas,0.0,0.0,1.0,0.0
1458,júbilo,0.0,0.0,1.0,0.0
1459,juguetona,0.0,0.0,1.0,0.0
1460,juguetón,0.5,0.0,1.0,0.0
1461,juguetonas,0.0,0.0,1.0,0.0
1462,juguetones,0.0,0.0,1.0,0.0
1463,juicio,0.0,1.0,0.0,0.0
1464,juicios,0.0,1.0,0.0,0.0
1465,lamentablemente,0.0,0.0,0.0,1.0
1466,lamentando,0.0,0.0,0.0,1.0
1467,lamentándose,0.0,0.0,0.0,1.0
1468,lamentar,0.0,0.0,0.0,1.0
1469,lamento,0.0,0.2,0.0,1.0
1470,lágrima,0.0,0.0,0.0,0.75
1471,languideciendo,0.0,0.5,0.0,1.0
1472,lástima,0.0,0.0,0.0,1.0
1473,lastimando,1.0,1.0,0.0,1.0
1474,latigazo,1.0,0.5,0.0,0.0
1475,lagrimas,0.0,0.0,0.0,0.5
1476,látigo,1.0,0.0,0.0,0.0
1477,languidecer,0.0,0.0,0.0,1.0
1478,laureles,0.0,0.0,1.0,0.0
1479,lava,0.5,1.0,0.0,0.0
1480,látigos,1.0,0.0,0.0,0.0
1481,lesión,0.3333333333333333,0.6666666666666666,0.0,1.0
1482,laurel,0.0,0.0,1.0,0.0
1483,lepra,0.0,1.0,0.0,1.0
1484,lesionada,0.0,1.0,0.0,1.0
1485,lesionadas,0.0,1.0,0.0,1.0
1486,lesionar,1.0,1.0,0.0,1.0
1487,letal,0.0,0.6666666666666666,0.0,0.6666666666666666
1488,leucemia,0.3333333333333333,0.6666666666666666,0.0,0.6666666666666666
1489,lesionado,0.0,1.0,0.0,1.0
1490,lesionados,0.0,1.0,0.0,1.0
1491,levantamiento,1.0,1.0,0.0,0.0
1492,libertinaje,0.0,1.0,0.0,0.0
1493,libremente,0.0,0.0,1.0,0.0
1494,ligar,0.0,0.0,1.0,0.0
1495,linchar,0.75,0.75,0.0,0.75
1496,lívido,1.0,0.0,0.0,0.0
1497,llanto,0.0,0.0,0.0,1.0
1498,llorar,0.0,0.0,0.0,1.0
1499,levantado,0.0,0.0,1.0,0.0
1500,levantar,0.0,0.0,1.0,0.0
1501,loable,0.0,0.0,1.0,0.0
1502,llorado,0.0,0.0,0.0,1.0
1503,frenético,1.0,1.0,0.0,0.0
1504,demente,1.0,1.0,0.0,0.0
1505,llorando,0.0,0.0,0.0,1.0
1506,loables,0.0,0.0,1.0,0.0
1507,locas,0.5,0.5,0.0,0.0
1508,loca,0.6666666666666666,0.6666666666666666,0.0,0.3333333333333333
1509,logrado,0.0,0.0,0.6666666666666666,0.0
1510,lograr,0.0,0.0,0.8,0.0
1511,lujo,0.0,0.0,1.0,0.0
1512,loco,0.5,0.5,0.0,0.0
1513,locos,0.5,0.5,0.0,0.0
1514,lúgrubes,0.0,0.0,0.0,1.0
1515,lunática,1.0,1.0,0.0,0.0
1516,luto,0.0,0.0,0.0,1.0
1517,lunáticas,1.0,1.0,0.0,0.0
1518,lunático,1.0,1.0,0.0,0.0
1519,maestría,0.3333333333333333,0.0,0.6666666666666666,0.0
1520,lunáticos,1.0,1.0,0.0,0.0
1521,mafia,0.0,1.0,0.0,0.0
1522,madurar,1.0,0.0,0.0,0.0
1523,madure,1.0,0.0,0.0,0.0
1524,mafias,0.0,1.0,0.0,0.0
1525,magia,0.0,0.0,1.0,0.0
1526,mágico,0.0,0.0,1.0,0.0
1527,mágica,0.0,0.0,1.0,0.0
1528,magnificencia,0.0,0.0,1.0,0.0
1529,mágicas,0.0,0.0,1.0,0.0
1530,mágicos,0.0,0.0,1.0,0.0
1531,magnificiencias,0.0,0.0,1.0,0.0
1532,majestuoso,0.0,0.0,1.0,0.0
1533,malaria,0.25,0.75,0.0,0.75
1534,maldad,0.8,0.8,0.0,0.2
1535,magrear,1.0,0.0,0.0,0.0
1536,maldiciendo,1.0,0.0,0.0,0.0
1537,maldición,0.8,0.6,0.0,0.4
1538,majestuosa,0.0,0.0,1.0,0.0
1539,malestar,0.0,0.0,0.0,1.0
1540,majestuosos,0.0,0.0,1.0,0.0
1541,maldecir,1.0,0.0,0.0,0.0
1542,maldición,1.0,0.0,0.0,0.0
1543,malhumorada,1.0,0.0,0.0,0.0
1544,malicia,1.0,0.75,0.0,0.25
1545,malhumoradas,1.0,0.0,0.0,0.0
1546,malhumorado,1.0,0.0,0.0,0.0
1547,malhumorados,1.0,0.0,0.0,0.0
1548,malicioso,1.0,0.6666666666666666,0.0,0.6666666666666666
1549,malignidad,0.0,1.0,0.0,1.0
1550,maliciosa,1.0,0.5,0.0,0.5
1551,maliciosas,1.0,0.5,0.0,0.5
1552,maliciosos,1.0,0.5,0.0,0.5
1553,malvado,0.6,0.6,0.0,0.0
1554,malvada,0.5,0.5,0.0,0.0
1555,malvadas,0.5,0.5,0.0,0.0
1556,malvados,0.5,0.5,0.0,0.0
1557,maniática,1.0,0.0,0.0,0.0
1558,manifestación,0.0,0.6666666666666666,0.0,0.0
1559,manipulación,0.6666666666666666,0.6666666666666666,0.0,0.0
1560,maniáticas,1.0,0.0,0.0,0.0
1561,maniático,1.0,0.0,0.0,0.0
1562,maniáticos,1.0,0.0,0.0,0.0
1563,manosear,0.5,0.0,0.0,0.0
1564,marchitar,0.0,0.0,0.0,1.0
1565,marcado,1.0,0.0,0.0,0.0
1566,marcha,0.0,0.0,0.5,0.0
1567,marchas,0.0,0.0,0.5,0.0
1568,mareada,0.0,0.0,0.5,0.0
1569,mareadas,0.0,0.0,0.5,0.0
1570,mártir,0.0,0.6666666666666666,0.0,1.0
1571,martirio,0.3333333333333333,1.0,0.0,1.0
1572,apalear,0.6666666666666666,0.3333333333333333,0.0,0.0
1573,mareado,0.0,0.0,0.5,0.0
1574,masacre,1.0,1.0,0.0,1.0
1575,mareados,0.0,0.0,0.5,0.0
1576,martilleo,1.0,0.0,0.0,0.0
1577,masoquismo,1.0,1.0,0.0,0.0
1578,matadero,1.0,1.0,0.0,1.0
1579,matar,1.0,0.75,0.0,0.75
1580,maternidad,0.0,0.0,0.75,0.0
1581,mausoleo,0.0,0.0,0.0,0.6666666666666666
1582,masacres,1.0,1.0,0.0,1.0
1583,máscara,0.0,1.0,0.0,0.0
1584,máscaras,0.0,1.0,0.0,0.0
1585,melancolía,0.0,0.0,0.0,1.0
1586,mazmorra,0.0,1.0,0.0,0.0
1587,mazmorras,0.0,1.0,0.0,0.0
1588,memorable,0.0,0.0,1.0,0.0
1589,mejor,0.0,0.0,1.0,0.0
1590,menospreciar,1.0,0.0,0.0,1.0
1591,melé,0.0,1.0,0.0,0.0
1592,mercenario,0.0,1.0,0.0,0.0
1593,memorables,0.0,0.0,1.0,0.0
1594,meritorio,0.0,0.0,1.0,0.0
1595,memorial,0.0,0.0,0.0,1.0
1596,metralla,0.0,1.0,0.0,0.0
1597,pavor,0.0,1.0,0.0,0.0
1598,trepidación,0.0,1.0,0.0,0.0
1599,miedo,0.0,0.75,0.0,0.0
1600,mercenarios,0.0,1.0,0.0,0.0
1601,meritorios,0.0,0.0,1.0,0.0
1602,mierdón,1.0,0.0,0.0,0.0
1603,milagro,0.0,0.0,0.75,0.0
1604,metrallas,0.0,1.0,0.0,0.0
1605,miedos,0.0,0.5,0.0,0.0
1606,mierda,1.0,0.0,0.0,0.0
1607,milagros,0.0,0.0,1.0,0.0
1608,milagroso,0.0,0.0,1.0,0.0
1609,milicia,0.5,1.0,0.0,0.5
1610,milagrosa,0.0,0.0,1.0,0.0
1611,milagrosas,0.0,0.0,1.0,0.0
1612,milagrosos,0.0,0.0,1.0,0.0
1613,militante,0.0,1.0,0.0,0.0
1614,miserable,0.5,0.0,0.0,1.0
1615,militantes,0.0,1.0,0.0,0.0
1616,miseria,0.5,0.75,0.0,1.0
1617,misil,0.3333333333333333,1.0,0.0,0.3333333333333333
1618,misántropo,1.0,0.0,0.0,0.0
1619,miserables,0.5,0.0,0.0,1.0
1620,miserias,1.0,1.0,0.0,1.0
1621,misiles,0.0,1.0,0.0,0.0
1622,mojón,1.0,0.0,0.0,0.0
1623,molesta,1.0,0.0,0.0,0.0
1624,molestar,1.0,0.0,0.0,0.0
1625,molestas,1.0,0.0,0.0,0.0
1626,monstruosidad,1.0,1.0,0.0,0.0
1627,mórbido,0.0,0.0,0.0,1.0
1628,morbosidad,1.0,1.0,0.0,1.0
1629,morgue,0.0,1.0,0.0,1.0
1630,morir,0.0,0.6666666666666666,0.0,0.6666666666666666
1631,mortal,0.5,0.75,0.0,0.75
1632,molestísimo,1.0,0.0,0.0,0.0
1633,mortificación,0.0,1.0,0.0,1.0
1634,mortuorio,0.0,1.0,0.0,0.6666666666666666
1635,molesto,1.0,0.0,0.0,0.0
1636,motín,1.0,1.0,0.0,0.0
1637,molestos,1.0,0.0,0.0,0.0
1638,morir,0.0,0.0,0.0,0.5
1639,mortalidad,0.0,0.5,0.0,0.5
1640,motines,1.0,1.0,0.0,0.0
1641,muerte,0.4,0.8,0.0,0.8
1642,multitud,0.6666666666666666,0.6666666666666666,0.0,0.0
1643,mueca,0.0,0.0,0.5,0.5
1644,muecas,0.0,0.0,0.5,0.5
1645,muérdago,0.0,0.0,1.0,0.0
1646,música,0.0,0.0,0.75,0.25
1647,mutilación,1.0,1.0,0.0,1.0
1648,mutilar,1.0,1.0,0.0,1.0
1649,nada,0.0,0.0,0.0,0.6666666666666666
1650,muertes,0.5,0.5,0.0,0.5
1651,murió,0.0,0.0,0.0,0.5
1652,naufragio,0.0,1.0,0.0,1.0
1653,músicas,0.0,0.0,0.5,0.0
1654,naturaleza,0.0,0.0,0.6666666666666666,0.0
1655,naufragios,0.0,1.0,0.0,1.0
1656,navajazo,1.0,0.0,0.0,0.0
1657,navajazos,1.0,0.0,0.0,0.0
1658,navidad,0.0,0.0,0.6666666666666666,0.0
1659,navideño,0.0,0.0,1.0,0.0
1660,negado,0.0,0.0,0.0,0.5
1661,negar,0.0,0.0,0.0,0.5
1662,negativo,0.0,0.0,0.0,0.75
1663,negativa,0.0,0.0,0.0,0.5
1664,nerviosismo,0.0,0.6666666666666666,0.0,0.0
1665,neumonía,0.0,1.0,0.0,0.0
1666,neuralgia,0.0,1.0,0.0,0.5
1667,neurosis,0.0,1.0,0.0,1.0
1668,negativas,0.0,0.0,0.0,0.5
1669,negativos,0.0,0.0,0.0,0.5
1670,negligencia,0.6666666666666666,0.0,0.0,0.0
1671,neurótico,0.0,1.0,0.0,0.0
1672,neurótica,0.0,1.0,0.0,0.0
1673,neuróticas,0.0,1.0,0.0,0.0
1674,neuróticos,0.0,1.0,0.0,0.0
1675,nietos,0.0,0.0,0.6666666666666666,0.0
1676,nieta,0.0,0.0,0.6666666666666666,0.0
1677,nietas,0.0,0.0,0.5,0.0
1678,nieto,0.0,0.0,0.6666666666666666,0.0
1679,nocivo,0.3333333333333333,0.6666666666666666,0.0,0.0
1680,nochebuena,0.5,0.0,0.5,0.0
1681,nociva,0.5,0.5,0.0,0.0
1682,nocivos,0.5,0.5,0.0,0.0
1683,nostálgico,0.0,0.0,0.0,1.0
1684,nupcial,0.0,0.0,1.0,0.0
1685,obliteración,0.0,1.0,0.0,1.0
1686,obliterar,1.0,1.0,0.0,1.0
1687,obscenidad,1.0,0.0,0.0,0.0
1688,obsesionado,0.0,0.6666666666666666,0.0,0.3333333333333333
1689,nostálgica,0.0,0.0,0.0,1.0
1690,obstructivo,1.0,0.0,0.0,0.0
1691,obstruir,0.6666666666666666,0.3333333333333333,0.0,0.0
1692,ocio,0.0,0.0,1.0,0.0
1693,nostálgicas,0.0,0.0,0.0,1.0
1694,nostálgicos,0.0,0.0,0.0,1.0
1695,obsesionarse,0.0,0.0,0.0,0.5
1696,oculto,0.0,1.0,0.0,0.0
1697,oculta,0.0,1.0,0.0,0.0
1698,odiando,1.0,0.0,0.0,0.0
1699,odio,1.0,0.5,0.0,0.5
1700,ofender,1.0,0.0,0.0,0.25
1701,ocultas,0.0,1.0,0.0,0.0
1702,ocultos,0.0,1.0,0.0,0.0
1703,odiar,1.0,0.0,0.0,0.0
1704,ofendido,1.0,0.0,0.0,1.0
1705,ofendida,1.0,0.0,0.0,1.0
1706,ofendidas,1.0,0.0,0.0,1.0
1707,ofendidos,1.0,0.0,0.0,1.0
1708,ofensiva,1.0,0.0,0.0,0.0
1709,ogro,0.0,1.0,0.0,0.0
1710,ofensivas,1.0,0.0,0.0,0.0
1711,olvidado,0.0,0.5,0.0,1.0
1712,olvido,0.25,0.75,0.0,0.25
1713,ominoso,0.0,1.0,0.0,0.0
1714,opresión,1.0,1.0,0.0,1.0
1715,ofensivo,1.0,0.0,0.0,0.0
1716,ofensivos,1.0,0.0,0.0,0.0
1717,olvidar,0.0,0.0,0.0,1.0
1718,opresivo,1.0,1.0,0.0,1.0
1719,opresor,1.0,1.0,0.0,1.0
1720,oprimir,0.6666666666666666,1.0,0.0,1.0
1721,optimismo,0.0,0.0,1.0,0.0
1722,opresiva,1.0,1.0,0.0,1.0
1723,opresivas,1.0,1.0,0.0,1.0
1724,opresivos,1.0,1.0,0.0,1.0
1725,optimista,0.0,0.0,1.0,0.0
1726,orgasmo,0.0,0.0,0.75,0.0
1727,orgullo,0.0,0.0,1.0,0.0
1728,optimistas,0.0,0.0,1.0,0.0
1729,ordalía,1.0,0.0,0.0,0.0
1730,ordalías,1.0,0.0,0.0,0.0
1731,orgulloso,0.0,0.0,1.0,0.0
1732,orgullosa,0.0,0.0,1.0,0.0
1733,orgullosas,0.0,0.0,1.0,0.0
1734,orgullosos,0.0,0.0,1.0,0.0
1735,oscurecido,0.0,0.6666666666666666,0.0,0.6666666666666666
1736,oscuridad,0.6666666666666666,0.3333333333333333,0.0,0.6666666666666666
1737,oscura,0.0,0.0,0.0,1.0
1738,oscuras,0.0,0.0,0.0,1.0
1739,oscurecida,0.0,0.5,0.0,0.5
1740,oscuro,0.0,0.25,0.0,1.0
1741,oscurecidas,0.0,0.5,0.0,0.5
1742,oscurecidos,0.0,0.5,0.0,0.5
1743,osuno,1.0,0.5,0.0,0.0
1744,oscuros,0.0,0.0,0.0,1.0
1745,oso,0.0,1.0,0.0,0.0
1746,osos,0.0,1.0,0.0,0.0
1747,pacífica,0.0,0.0,1.0,0.0
1748,pacífico,0.0,0.0,1.0,0.0
1749,pacíficamente,0.0,0.0,1.0,0.0
1750,pacíficas,0.0,0.0,1.0,0.0
1751,pacíficos,0.0,0.0,1.0,0.0
1752,pandemia,0.0,1.0,0.0,1.0
1753,pandilla,0.6666666666666666,0.6666666666666666,0.0,0.0
1754,pánico,0.0,0.8,0.0,0.0
1755,paliza,1.0,1.0,0.0,1.0
1756,palizas,1.0,1.0,0.0,1.0
1757,pandemias,0.0,1.0,0.0,1.0
1758,paraíso,0.0,0.0,1.0,0.0
1759,paralizada,0.0,1.0,0.0,1.0
1760,paralizadas,0.0,1.0,0.0,1.0
1761,paralizado,0.0,1.0,0.0,1.0
1762,paranoia,0.3333333333333333,0.6666666666666666,0.0,0.0
1763,paralizados,0.0,1.0,0.0,1.0
1764,paralizar,0.0,1.0,0.0,0.0
1765,paranoias,0.5,0.5,0.0,0.0
1766,paranoica,0.5,0.5,0.0,0.0
1767,marginado,0.0,0.5,0.0,1.0
1768,paranoicas,0.5,0.5,0.0,0.0
1769,parodia,0.0,1.0,0.0,1.0
1770,pasión,0.0,0.0,1.0,0.0
1771,paranoico,0.5,0.5,0.0,0.0
1772,patada,1.0,0.0,0.0,0.0
1773,paranoicos,0.5,0.5,0.0,0.0
1774,pateando,1.0,0.0,0.0,0.0
1775,parodias,0.0,1.0,0.0,1.0
1776,patadas,1.0,0.0,0.0,0.0
1777,patear,1.0,0.0,0.0,0.0
1778,patético,0.0,0.0,0.0,1.0
1779,patética,0.0,0.0,0.0,1.0
1780,paz,0.2,0.0,1.0,0.0
1781,patéticas,0.0,0.0,0.0,1.0
1782,patéticos,0.0,0.0,0.0,1.0
1783,pavor,0.25,0.75,0.0,0.0
1784,pecador,0.3333333333333333,0.3333333333333333,0.0,0.6666666666666666
1785,pecadora,0.0,0.0,0.0,0.5
1786,pecadoras,0.0,0.0,0.0,0.5
1787,pecaminoso,0.5,1.0,0.0,1.0
1788,pecadores,0.0,0.0,0.0,0.5
1789,pelearse,1.0,1.0,0.0,0.0
1790,pelea,0.6666666666666666,0.0,0.0,0.0
1791,pecaminosa,0.0,1.0,0.0,1.0
1792,pecaminosos,0.0,1.0,0.0,1.0
1793,penetración,0.3333333333333333,0.6666666666666666,0.0,0.0
1794,pelear,1.0,0.6666666666666666,0.0,0.3333333333333333
1795,penitencia,0.0,0.3333333333333333,0.0,0.6666666666666666
1796,dolorosamente,0.0,0.0,0.0,0.6666666666666666
1797,peleas,0.5,0.0,0.0,0.0
1798,peligrosamente,0.0,0.5,0.0,0.0
1799,penitencias,0.0,0.0,0.0,0.5
1800,perecer,0.0,1.0,0.0,1.0
1801,pereciendo,0.0,1.0,0.0,1.0
1802,pereció,0.0,0.0,0.0,1.0
1803,perfección,0.0,0.0,1.0,0.0
1804,perder,0.3333333333333333,0.3333333333333333,0.0,1.0
1805,perdiendo,0.0,0.0,0.0,1.0
1806,perdió,0.0,0.0,0.0,1.0
1807,perfecto,0.0,0.0,1.0,0.0
1808,perfecta,0.0,0.0,1.0,0.0
1809,perfectas,0.0,0.0,1.0,0.0
1810,perfectos,0.0,0.0,1.0,0.0
1811,perforada,1.0,0.0,0.0,0.0
1812,perforadas,1.0,0.0,0.0,0.0
1813,perforado,1.0,0.0,0.0,0.0
1814,perforados,1.0,0.0,0.0,0.0
1815,perjudicar,1.0,0.0,0.0,0.3333333333333333
1816,perjuicio,0.0,0.0,0.0,1.0
1817,perjuicios,0.0,0.0,0.0,1.0
1818,pernicioso,1.0,0.6666666666666666,0.0,0.3333333333333333
1819,perniciosa,1.0,0.5,0.0,0.0
1820,perniciosas,1.0,0.5,0.0,0.0
1821,persecución,0.6666666666666666,1.0,0.0,0.6666666666666666
1822,perniciosos,1.0,0.5,0.0,0.0
1823,perpetrador,0.5,1.0,0.0,0.5
1824,perpetradora,0.0,1.0,0.0,0.0
1825,perpetradoras,0.0,1.0,0.0,0.0
1826,perseguir,0.6666666666666666,0.6666666666666666,0.0,0.0
1827,perturbación,0.0,0.6666666666666666,0.0,0.0
1828,perpetradores,0.0,1.0,0.0,0.0
1829,perra,0.5,0.0,0.0,0.0
1830,persecuciones,1.0,1.0,0.0,1.0
1831,perturbado,0.6666666666666666,0.0,0.0,0.6666666666666666
1832,perversión,1.0,0.0,0.0,0.3333333333333333
1833,pesadilla,0.0,0.75,0.0,0.25
1834,perseguida,0.0,1.0,0.0,0.0
1835,pesimismo,0.3333333333333333,0.3333333333333333,0.0,1.0
1836,perseguidas,0.0,1.0,0.0,0.0
1837,pesimista,0.0,0.5,0.0,1.0
1838,perseguido,0.0,1.0,0.0,0.0
1839,perseguidos,0.0,1.0,0.0,0.0
1840,pertubados,0.5,0.0,0.0,0.5
1841,pésimo,0.3333333333333333,0.6666666666666666,0.0,0.3333333333333333
1842,pestilencia,0.0,1.0,0.0,0.0
1843,perturbada,0.5,0.0,0.0,0.5
1844,perturbadas,0.5,0.0,0.0,0.5
1845,pesadillas,0.0,0.5,0.0,0.0
1846,picadura,1.0,1.0,0.0,0.0
1847,pésima,0.0,1.0,0.0,0.0
1848,pillaje,1.0,1.0,0.0,0.0
1849,pésimas,0.0,1.0,0.0,0.0
1850,pesimistas,0.0,0.0,0.0,1.0
1851,pésimos,0.5,0.5,0.0,0.5
1852,petifricados,0.0,1.0,0.0,0.0
1853,petrificada,0.0,1.0,0.0,0.0
1854,petrificado,0.0,1.0,0.0,0.0
1855,pistola,1.0,1.0,0.0,0.0
1856,piérdete,1.0,0.0,0.0,0.0
1857,pirómana,0.0,1.0,0.0,0.0
1858,pirómanas,0.0,1.0,0.0,0.0
1859,pirómano,0.5,1.0,0.0,0.0
1860,pirómanos,0.0,1.0,0.0,0.0
1861,pisoteado,1.0,0.0,0.0,0.0
1862,pisotear,1.0,0.0,0.0,0.0
1863,pistolero,0.0,1.0,0.0,0.0
1864,pistoleros,0.0,1.0,0.0,0.0
1865,playa,0.0,0.0,1.0,0.0
1866,placer,0.0,0.0,1.0,0.0
1867,plomada,0.0,1.0,0.0,0.0
1868,placeres,0.0,0.0,1.0,0.0
1869,pobre,0.0,0.0,0.0,1.0
1870,pobreza,0.5,0.25,0.0,0.75
1871,polio,0.0,1.0,0.0,1.0
1872,plácida,0.0,0.0,1.0,0.0
1873,plácidas,0.0,0.0,1.0,0.0
1874,pólvora,0.0,1.0,0.0,0.0
1875,plácido,0.0,0.0,1.0,0.0
1876,plácidos,0.0,0.0,1.0,0.0
1877,playas,0.0,0.0,1.0,0.0
1878,poseído,0.5,0.75,0.0,0.0
1879,pleito,0.0,1.0,0.0,0.0
1880,pobres,0.0,0.0,0.0,1.0
1881,polla,1.0,0.0,0.0,0.0
1882,póstumo,0.0,0.0,0.0,1.0
1883,pollas,1.0,0.0,0.0,0.0
1884,poseída,0.5,0.5,0.0,0.0
1885,precario,0.0,1.0,0.0,0.5
1886,poseídas,0.5,0.5,0.0,0.0
1887,poseídos,0.5,0.5,0.0,0.0
1888,positividad,0.0,0.0,1.0,0.0
1889,precioso,0.0,0.0,1.0,0.0
1890,positivismo,0.0,0.0,1.0,0.0
1891,positivo,0.0,0.0,1.0,0.0
1892,precaria,0.0,1.0,0.0,0.0
1893,premeditado,0.0,1.0,0.0,0.0
1894,premio,0.0,0.0,0.75,0.0
1895,precarios,0.0,1.0,0.0,0.0
1896,preocupación,0.0,0.6,0.2,0.4
1897,preciosa,0.0,0.0,1.0,0.0
1898,preocupante,0.0,0.5,0.0,1.0
1899,presa,0.0,0.6666666666666666,0.0,0.0
1900,preciosas,0.0,0.0,1.0,0.0
1901,presagio,0.0,1.0,0.0,0.0
1902,preciosos,0.0,0.0,1.0,0.0
1903,presentimiento,0.0,0.6666666666666666,0.0,0.0
1904,preguntar,0.0,0.0,0.5,0.0
1905,prima,0.0,0.0,0.75,0.0
1906,primogénito,0.0,0.0,1.0,0.0
1907,principesco,0.0,0.0,1.0,0.0
1908,preguntarse,0.0,0.0,0.5,0.0
1909,premeditar,0.0,1.0,0.0,0.0
1910,premios,0.0,0.0,0.5,0.0
1911,prisionero,1.0,1.0,0.0,1.0
1912,preocupaciones,0.0,0.5,0.0,0.0
1913,presagios,0.0,1.0,0.0,0.0
1914,presenta,0.0,0.0,1.0,0.0
1915,pretectoras,1.0,0.0,0.0,0.0
1916,profanación,1.0,1.0,0.0,1.0
1917,prevalecer,0.0,0.0,1.0,0.0
1918,prisionera,1.0,1.0,0.0,1.0
1919,prisioneras,1.0,1.0,0.0,1.0
1920,profano,1.0,0.0,0.0,0.0
1921,prisioneros,1.0,1.0,0.0,1.0
1922,privada,0.0,0.0,0.0,1.0
1923,privadas,0.0,0.0,0.0,1.0
1924,prohibido,0.3333333333333333,0.6666666666666666,0.0,0.0
1925,prosperar,0.0,0.0,1.0,0.0
1926,privado,0.0,0.0,0.0,1.0
1927,priviados,0.0,0.0,0.0,1.0
1928,profana,1.0,0.0,0.0,0.0
1929,profanas,1.0,0.0,0.0,0.0
1930,profanos,1.0,0.0,0.0,0.0
1931,prohibida,0.0,0.5,0.0,0.0
1932,prohibidas,0.0,0.5,0.0,0.0
1933,prohibidos,0.0,0.5,0.0,0.0
1934,provocación,0.75,0.0,0.0,0.0
1935,prosperidad,0.0,0.0,1.0,0.0
1936,protector,1.0,0.0,0.0,0.0
1937,protectora,1.0,0.0,0.0,0.0
1938,provocador,1.0,0.0,0.0,0.0
1939,proyectil,0.0,1.0,0.0,0.0
1940,proyectiles,0.0,1.0,0.0,0.0
1941,psicosis,0.5,1.0,0.0,1.0
1942,protectores,1.0,0.0,0.0,0.0
1943,protestón,1.0,0.0,0.0,0.0
1944,protestona,1.0,0.0,0.0,0.0
1945,pulla,1.0,0.5,0.0,0.5
1946,protestones,1.0,0.0,0.0,0.0
1947,provocadora,1.0,0.0,0.0,0.0
1948,provocadoras,1.0,0.0,0.0,0.0
1949,punitivo,0.5,0.5,0.0,1.0
1950,provocadores,1.0,0.0,0.0,0.0
1951,púdrete,1.0,0.0,0.0,0.0
1952,puñetazo,1.0,1.0,0.0,0.5
1953,puente,0.0,0.0,1.0,0.0
1954,purga,0.0,1.0,0.0,0.0
1955,purgatorio,0.0,0.75,0.0,0.25
1956,puentes,0.0,0.0,1.0,0.0
1957,putrefacción,0.0,1.0,0.0,1.0
1958,punción,1.0,0.0,0.0,0.0
1959,punitiva,0.0,0.0,0.0,1.0
1960,punitivos,0.0,0.0,0.0,1.0
1961,querida,0.0,0.0,0.75,0.0
1962,puñalada,1.0,1.0,0.0,1.0
1963,rabia,1.0,0.0,0.0,0.0
1964,rabioso,0.75,0.5,0.0,0.25
1965,puñalada,1.0,0.0,0.0,0.0
1966,radiación,0.0,1.0,0.0,0.0
1967,radiante,0.0,0.0,1.0,0.0
1968,puñetazos,1.0,0.0,0.0,0.0
1969,puta,0.6666666666666666,0.0,0.0,0.3333333333333333
1970,quejar,0.3333333333333333,0.0,0.0,0.3333333333333333
1971,radioactivo,0.0,1.0,0.0,0.0
1972,queridas,0.0,0.0,0.5,0.0
1973,rapaces,0.0,1.0,0.0,0.0
1974,querido,0.0,0.0,0.6666666666666666,0.0
1975,queridos,0.0,0.0,0.5,0.0
1976,rabioso,1.0,0.0,0.0,0.0
1977,radioactiva,0.0,1.0,0.0,0.0
1978,realizar,0.0,0.0,0.6666666666666666,0.0
1979,reavivar,0.0,0.5,1.0,0.0
1980,radioactivas,0.0,1.0,0.0,0.0
1981,rebelde,1.0,0.3333333333333333,0.0,0.0
1982,rebelión,1.0,1.0,0.0,0.0
1983,recaída,0.0,1.0,0.0,1.0
1984,recalcitrante,1.0,0.0,0.0,0.0
1985,rechaza,0.6666666666666666,0.3333333333333333,0.0,0.3333333333333333
1986,radioactivos,0.0,1.0,0.0,0.0
1987,rapáz,0.0,1.0,0.0,0.0
1988,rasgada,0.0,0.0,0.0,1.0
1989,rechazado,0.0,0.0,0.0,0.75
1990,rechazar,0.6666666666666666,0.3333333333333333,0.0,0.6666666666666666
1991,rechazo,0.5,0.75,0.0,0.75
1992,recomendable,0.0,0.0,1.0,0.0
1993,rasgadas,0.0,0.0,0.0,1.0
1994,rasgado,0.0,0.0,0.0,1.0
1995,rasgados,0.0,0.0,0.0,1.0
1996,recreación,0.0,0.0,1.0,0.0
1997,rebeldes,1.0,0.0,0.0,0.0
1998,rechazada,0.0,0.0,0.0,0.5
1999,rechazadas,0.0,0.0,0.0,0.5
2000,rechazados,0.0,0.0,0.0,0.5
2001,regalo,0.0,0.0,0.8,0.0
2002,recomendables,0.0,0.0,1.0,0.0
2003,regocijo,0.0,0.0,1.0,0.0
2004,rehén,0.6666666666666666,1.0,0.0,0.3333333333333333
2005,rehuir,1.0,0.0,0.0,1.0
2006,rejilla,1.0,0.0,0.0,0.0
2007,recompensa,0.0,0.0,1.0,0.0
2008,recompensas,0.0,0.0,1.0,0.0
2009,refrescada,0.0,0.0,1.0,0.0
2010,refrescadas,0.0,0.0,1.0,0.0
2011,refrescado,0.0,0.0,1.0,0.0
2012,refrescados,0.0,0.0,1.0,0.0
2013,relámpago,0.5,1.0,0.0,0.0
2014,regalos,0.0,0.0,0.5,0.0
2015,relación,0.0,0.0,0.6666666666666666,0.0
2016,relajación,0.0,0.0,1.0,0.0
2017,remordimiento,0.0,0.0,0.0,1.0
2018,rendición,0.0,0.6666666666666666,0.0,0.3333333333333333
2019,rendirse,0.0,0.0,0.0,0.6666666666666666
2020,renegado,1.0,0.0,0.0,0.0
2021,relajaciones,0.0,0.0,1.0,0.0
2022,relajante,0.0,0.0,1.0,0.0
2023,relajantes,0.0,0.0,1.0,0.0
2024,relámpagos,0.0,1.0,0.0,0.0
2025,represalia,1.0,1.0,0.0,0.5
2026,remontar,0.0,0.0,1.0,0.0
2027,remontarse,0.0,0.0,1.0,0.0
2028,represión,0.3333333333333333,1.0,0.0,0.3333333333333333
2029,remordimientos,0.0,0.0,0.0,1.0
2030,reprimenda,1.0,0.0,0.0,0.0
2031,repudio,0.6666666666666666,0.0,0.0,0.0
2032,repugnancia,1.0,0.5,0.0,0.0
2033,réquiem,0.0,0.0,0.0,1.0
2034,renovada,0.0,0.0,1.0,0.0
2035,rescate,0.3333333333333333,0.6666666666666666,0.3333333333333333,0.0
2036,renovadas,0.0,0.0,1.0,0.0
2037,renovado,0.0,0.0,1.0,0.0
2038,renovados,0.0,0.0,1.0,0.0
2039,resentido,1.0,0.0,0.0,0.0
2040,represalias,1.0,1.0,0.0,0.0
2041,resignación,0.0,0.0,0.0,1.0
2042,resistencia,1.0,0.0,0.0,0.0
2043,respeto,0.0,0.0,0.75,0.25
2044,represalias,1.0,0.0,0.0,0.0
2045,resplandeciente,0.0,0.0,0.6666666666666666,0.3333333333333333
2046,reprimendas,1.0,0.0,0.0,0.0
2047,rescates,0.0,1.0,0.0,0.0
2048,resentida,1.0,0.0,0.0,0.0
2049,resentidas,1.0,0.0,0.0,0.0
2050,resentidos,1.0,0.0,0.0,0.0
2051,retardar,0.0,0.3333333333333333,0.0,0.6666666666666666
2052,resentirse,0.6666666666666666,0.0,0.0,0.3333333333333333
2053,resplandecientes,0.0,0.0,0.5,0.5
2054,resplandor,1.0,0.0,1.0,0.0
2055,retardada,1.0,0.0,0.0,0.0
2056,retardadas,1.0,0.0,0.0,0.0
2057,retardado,1.0,0.0,0.0,0.0
2058,retardados,1.0,0.0,0.0,0.0
2059,reumatismo,0.0,0.0,0.0,1.0
2060,reunida,0.0,0.0,1.0,0.0
2061,reverenciar,0.0,0.0,1.0,0.0
2062,reunidas,0.0,0.0,1.0,0.0
2063,reunido,0.0,0.0,1.0,0.0
2064,reunidos,0.0,0.0,1.0,0.0
2065,revoltoso,1.0,0.5,0.0,0.0
2066,revolución,1.0,0.5,0.0,0.5
2067,revólver,1.0,1.0,0.0,0.3333333333333333
2068,reventada,0.0,1.0,0.0,0.0
2069,revuelta,1.0,0.0,0.0,0.0
2070,reventadas,0.0,1.0,0.0,0.0
2071,riesgo,0.0,1.0,0.0,0.0
2072,reventado,0.0,1.0,0.0,0.0
2073,risa,0.0,0.0,1.0,0.0
2074,risa nerviosa,0.0,0.0,1.0,0.0
2075,reír entredientes,0.0,0.0,1.0,0.0
2076,robado,1.0,0.0,0.0,0.0
2077,robando,0.0,1.0,0.0,0.0
2078,reventados,0.0,1.0,0.0,0.0
2079,revoltosa,1.0,0.0,0.0,0.0
2080,romanticismo,0.0,0.0,1.0,0.0
2081,revoltosas,1.0,0.0,0.0,0.0
2082,revoltosos,1.0,0.0,0.0,0.0
2083,revueltas,1.0,0.0,0.0,0.0
2084,romántico,0.0,0.0,1.0,0.0
2085,riesgos,0.0,1.0,0.0,0.0
2086,romper,0.3333333333333333,0.6666666666666666,0.3333333333333333,0.6666666666666666
2087,riña,1.0,0.25,0.0,0.25
2088,romance,0.0,0.3333333333333333,1.0,0.3333333333333333
2089,romance,0.0,0.0,1.0,0.0
2090,roto,0.25,0.5,0.0,0.75
2091,romántica,0.0,0.0,1.0,0.0
2092,románticas,0.0,0.0,1.0,0.0
2093,románticos,0.0,0.0,1.0,0.0
2094,rota,0.0,0.5,0.0,0.5
2095,rotas,0.0,0.5,0.0,0.5
2096,rotos,0.0,0.5,0.0,0.5
2097,ruin,1.0,0.6666666666666666,0.0,0.0
2098,rubia,1.0,0.0,0.0,0.0
2099,rubias,1.0,0.0,0.0,0.0
2100,rubio,1.0,0.0,0.0,0.0
2101,ruinoso,1.0,1.0,0.0,1.0
2102,sable,0.5,1.0,0.0,0.0
2103,saborear,0.0,0.0,0.6666666666666666,0.3333333333333333
2104,rubios,1.0,0.0,0.0,0.0
2105,sabotaje,1.0,1.0,0.0,0.5
2106,matanza,0.75,0.75,0.0,0.75
2107,sacrificio,0.3333333333333333,0.6666666666666666,0.0,0.6666666666666666
2108,sacrificios,0.0,0.3333333333333333,0.0,0.6666666666666666
2109,rugido,1.0,0.0,0.0,0.0
2110,ruines,1.0,1.0,0.0,0.0
2111,ruinosa,1.0,1.0,0.0,1.0
2112,sacudida,0.0,0.6666666666666666,0.0,0.0
2113,salido,0.0,0.0,0.0,0.6666666666666666
2114,ruinosas,1.0,1.0,0.0,1.0
2115,ruinosos,1.0,1.0,0.0,1.0
2116,sabotajes,1.0,1.0,0.0,0.0
2117,sacudidas,0.0,0.5,0.0,0.0
2118,sacudido,0.0,0.5,0.0,0.0
2119,sacudidos,0.0,0.5,0.0,0.0
2120,saludada,0.0,0.0,1.0,0.0
2121,saludado,0.0,0.0,1.0,0.0
2122,salvaje,1.0,0.6666666666666666,0.0,0.0
2123,salvajismo,1.0,1.0,0.0,0.0
2124,samurai,0.0,1.0,0.0,0.0
2125,saludados,0.0,0.0,1.0,0.0
2126,salvador,0.0,0.0,1.0,0.0
2127,salvadora,0.0,0.0,1.0,0.0
2128,sanguijuelas,0.0,1.0,0.0,0.0
2129,salvadoras,0.0,0.0,1.0,0.0
2130,salvadores,0.0,0.0,1.0,0.0
2131,salvajes,1.0,0.5,0.0,0.0
2132,sanguinario,0.6666666666666666,1.0,0.0,0.0
2133,sangría,0.0,1.0,0.0,1.0
2134,santidad,0.0,0.5,1.0,0.0
2135,santo,0.0,0.0,1.0,0.0
2136,santuario,0.0,0.0,0.6666666666666666,0.0
2137,saquear,0.5,1.0,0.0,0.5
2138,sarcoma,0.0,1.0,0.0,1.0
2139,sarna,0.0,0.6666666666666666,0.0,0.0
2140,sangriendo,0.5,0.5,0.0,0.0
2141,sanguijuela,0.0,1.0,0.0,0.0
2142,sanguinaria,1.0,1.0,0.0,0.0
2143,satánico,1.0,0.0,0.0,0.0
2144,sanguinarias,1.0,1.0,0.0,0.0
2145,sanguinarios,1.0,1.0,0.0,0.0
2146,santa,0.0,0.0,1.0,0.0
2147,satánica,1.0,0.0,0.0,0.0
2148,satánicas,1.0,0.0,0.0,0.0
2149,satánicos,1.0,0.0,0.0,0.0
2150,satisfacción,0.0,0.0,1.0,0.0
2151,satisfactoria,0.0,0.0,1.0,0.0
2152,satisfecho,0.0,0.0,1.0,0.0
2153,satisfactorias,0.0,0.0,1.0,0.0
2154,satisfactorio,0.0,0.0,1.0,0.0
2155,satisfactorios,0.0,0.0,1.0,0.0
2156,satisfecha,0.0,0.0,1.0,0.0
2157,satisfechas,0.0,0.0,1.0,0.0
2158,secuelas,0.5,0.5,0.0,1.0
2159,satisfechos,0.0,0.0,1.0,0.0
2160,saturada,1.0,0.0,0.0,0.0
2161,saturadas,1.0,0.0,0.0,0.0
2162,saturado,1.0,0.0,0.0,0.0
2163,secuestrar,1.0,1.0,0.0,1.0
2164,senil,0.0,1.0,0.0,1.0
2165,sensacional,0.0,0.0,0.6666666666666666,0.0
2166,ternura,0.0,0.0,1.0,0.0
2167,sensibilidad,0.0,0.0,1.0,0.0
2168,sensualidad,0.0,0.0,0.75,0.0
2169,sentido,0.0,0.0,0.6666666666666666,0.3333333333333333
2170,septicemia,0.0,1.0,0.0,1.0
2171,serenidad,0.0,0.0,1.0,0.0
2172,saturados,1.0,0.0,0.0,0.0
2173,secuela,0.0,0.0,0.0,1.0
2174,secuestrada,0.0,1.0,0.0,0.0
2175,secuestradas,0.0,1.0,0.0,0.0
2176,serpiente,0.0,1.0,0.0,0.0
2177,secuestrado,0.0,1.0,0.0,0.0
2178,secuestrados,0.0,1.0,0.0,0.0
2179,serena,0.0,0.0,1.0,0.0
2180,serenas,0.0,0.0,1.0,0.0
2181,desalentador,0.5,1.0,0.0,1.0
2182,sexo,0.0,0.0,0.75,0.0
2183,sereno,0.0,0.0,1.0,0.0
2184,síncope,0.0,1.0,0.0,0.5
2185,serenos,0.0,0.0,1.0,0.0
2186,serpientes,0.0,1.0,0.0,0.0
2187,sí,0.0,0.0,0.5,0.0
2188,siniestro,1.0,0.6666666666666666,0.0,0.0
2189,sinvergüenza,0.6666666666666666,0.6666666666666666,0.0,0.0
2190,sirena,0.0,1.0,0.0,0.0
2191,apuro,0.0,0.75,0.0,0.5
2192,situación,0.0,0.5,0.0,0.5
2193,excepcional,0.0,0.0,0.6666666666666666,0.0
2194,sobresaliente,0.0,0.0,0.6666666666666666,0.0
2195,destacar,0.0,0.0,1.0,0.0
2196,sobresalir,0.0,0.0,0.5,0.0
2197,siniestra,1.0,0.5,0.0,0.0
2198,siniestras,1.0,0.5,0.0,0.0
2199,siniestros,1.0,0.5,0.0,0.0
2200,socorro,0.0,1.0,0.0,0.0
2201,sofocado,0.3333333333333333,0.3333333333333333,0.0,0.6666666666666666
2202,sofocante,0.0,0.6666666666666666,0.0,0.6666666666666666
2203,sofocada,0.0,0.0,0.0,0.5
2204,soldado,0.5,0.0,0.5,0.5
2205,sollozo,0.0,0.0,0.0,1.0
2206,sofocadas,0.0,0.0,0.0,0.5
2207,sombreado,0.0,1.0,0.0,0.0
2208,sonreír,0.0,0.0,1.0,0.0
2209,sofocados,0.0,0.0,0.0,0.5
2210,soldados,0.0,0.0,1.0,0.0
2211,sonriente,0.0,0.0,1.0,0.0
2212,solo,0.0,0.0,0.0,0.75
2213,sonríe,0.0,0.0,1.0,0.0
2214,sonrisa,0.0,0.0,1.0,0.0
2215,sonriendo,0.0,0.0,1.0,0.0
2216,sonrió,0.0,0.0,1.0,0.0
2217,sonrisa de oreja a oreja,0.0,0.0,1.0,0.0
2218,sonrisas,0.0,0.0,1.0,0.0
2219,sórdido,0.5,0.5,0.0,1.0
2220,sorpresa,0.0,0.25,1.0,0.0
2221,soportar,1.0,0.0,0.0,0.0
2222,soportarlo,1.0,0.0,0.0,0.0
2223,sospechar,0.0,0.6666666666666666,0.0,0.0
2224,sórdida,0.0,0.0,0.0,1.0
2225,sorpresas,0.0,0.0,1.0,0.0
2226,subvertir,0.0,1.0,0.0,0.5
2227,subyugación,1.0,1.0,0.0,1.0
2228,sudario,0.0,0.0,0.0,1.0
2229,sosiego,0.0,0.0,1.0,0.0
2230,sublime,0.0,0.0,1.0,0.0
2231,subsiguiente,0.0,0.0,1.0,0.0
2232,sueño,0.0,0.0,0.6666666666666666,0.0
2233,sueños,0.0,0.0,0.5,0.0
2234,suertuda,0.0,0.0,0.5,0.0
2235,sufrimiento,0.0,0.5,0.0,0.75
2236,suicida,1.0,1.0,0.0,1.0
2237,culebra,0.3333333333333333,1.0,0.0,0.3333333333333333
2238,suertudas,0.0,0.0,0.5,0.0
2239,superestrella,0.0,0.0,1.0,0.0
2240,suertudo,0.0,0.0,0.5,0.0
2241,suertudos,0.0,0.0,0.5,0.0
2242,súper,0.0,0.0,1.0,0.0
2243,superfelices,0.0,0.0,1.0,0.0
2244,superfeliz,0.0,0.0,1.0,0.0
2245,supersticioso,0.0,1.0,0.0,0.0
2246,supersticiosa,0.0,1.0,0.0,0.0
2247,supresión,1.0,1.0,0.0,0.0
2248,supersticiosas,0.0,1.0,0.0,0.0
2249,suspense,0.0,1.0,0.0,0.0
2250,suspenso,0.3333333333333333,1.0,0.0,0.3333333333333333
2251,susto,0.0,0.75,0.0,0.25
2252,supersticiosos,0.0,1.0,0.0,0.0
2253,tajo,0.0,1.0,0.0,0.0
2254,supremo,0.0,0.0,1.0,0.0
2255,surrealista,0.0,0.0,1.0,0.0
2256,sustos,0.0,0.5,0.0,0.5
2257,tallo,0.0,1.0,0.0,0.0
2258,tarada,1.0,0.0,0.0,0.0
2259,taradas,1.0,0.0,0.0,0.0
2260,tarado,1.0,0.0,0.0,0.0
2261,tarados,1.0,0.0,0.0,0.0
2262,tarántula,0.0,1.0,0.0,0.0
2263,tarántulas,0.0,1.0,0.0,0.0
2264,temeraria,0.5,0.0,0.0,0.5
2265,temerarias,0.5,0.0,0.0,0.5
2266,temerario,0.3333333333333333,0.3333333333333333,0.0,0.3333333333333333
2267,temerarios,0.5,0.0,0.0,0.5
2268,temerosa,0.0,0.5,0.0,1.0
2269,temeroso,0.0,0.8,0.0,0.6
2270,temerosamente,0.0,0.6666666666666666,0.0,0.6666666666666666
2271,tempestad,1.0,0.5,0.0,0.5
2272,temerosas,0.0,0.5,0.0,1.0
2273,temerosos,0.0,0.5,0.0,1.0
2274,temible,0.0,1.0,0.0,0.0
2275,tenebrosa,0.0,1.0,0.0,0.0
2276,tensión,0.6666666666666666,0.0,0.0,0.3333333333333333
2277,tenebrosas,0.0,1.0,0.0,0.0
2278,tenebroso,0.0,1.0,0.0,0.0
2279,tenebrosos,0.0,1.0,0.0,0.0
2280,tensa,0.0,0.5,0.0,1.0
2281,tenso,0.3333333333333333,0.6666666666666666,0.0,1.0
2282,tensas,0.0,0.5,0.0,1.0
2283,tensionado,0.0,0.5,0.0,0.5
2284,tensos,0.0,0.5,0.0,1.0
2285,tentador,0.0,0.0,1.0,0.0
2286,tentadora,0.0,0.0,1.0,0.0
2287,tentadoras,0.0,0.0,1.0,0.0
2288,tentadores,0.0,0.0,1.0,0.0
2289,terapéutico,0.0,0.0,1.0,0.0
2290,terapeútica,0.0,0.0,1.0,0.0
2291,terapeúticas,0.0,0.0,1.0,0.0
2292,terapeúticos,0.0,0.0,1.0,0.0
2293,terco,0.6666666666666666,0.0,0.0,0.0
2294,terminación,0.0,0.0,0.6666666666666666,0.6666666666666666
2295,terminal,0.0,1.0,0.0,1.0
2296,terminar,0.0,0.0,0.0,1.0
2297,terriblemente,0.0,0.25,0.0,0.75
2298,terror,0.25,0.75,0.0,0.0
2299,terca,1.0,0.0,0.0,0.0
2300,tercas,1.0,0.0,0.0,0.0
2301,tercos,0.5,0.0,0.0,0.0
2302,terrorífica,0.5,0.5,0.0,0.0
2303,terrorismo,1.0,1.0,0.0,1.0
2304,terrorista,1.0,1.0,0.0,1.0
2305,terroríficas,0.5,0.5,0.0,0.0
2306,tesoro,0.0,0.0,1.0,0.0
2307,terrorífico,0.3333333333333333,0.6666666666666666,0.0,0.0
2308,tifón,0.0,1.0,0.0,0.0
2309,terroristas,0.0,1.0,0.0,0.0
2310,tirador,0.0,1.0,0.0,0.0
2311,tiranía,0.3333333333333333,1.0,0.0,1.0
2312,tiránico,1.0,1.0,0.0,0.0
2313,terrorríficos,0.5,0.5,0.0,0.0
2314,tesoros,0.0,0.0,1.0,0.0
2315,tirano,1.0,0.6666666666666666,0.0,0.6666666666666666
2316,tintineo,0.0,0.0,1.0,0.0
2317,tirana,1.0,1.0,0.0,1.0
2318,tiranos,1.0,1.0,0.0,1.0
2319,tirón,0.5,0.0,0.0,0.0
2320,tirones,1.0,0.0,0.0,0.0
2321,todopoderoso,0.0,0.0,1.0,0.0
2322,tonto,0.3333333333333333,0.0,0.6666666666666666,0.0
2323,tormenta,1.0,0.0,0.0,0.0
2324,tormento,0.6,0.4,0.0,1.0
2325,tormentoso,0.0,1.0,0.0,0.0
2326,tornado,0.0,0.75,0.0,0.0
2327,torpedo,1.0,0.0,0.0,0.0
2328,torrente,0.0,1.0,0.0,0.0
2329,torticero,1.0,0.0,0.0,0.0
2330,tonta,0.5,0.0,0.5,0.0
2331,tontas,0.5,0.0,0.5,0.0
2332,tontos,0.5,0.0,0.5,0.0
2333,tortuoso,1.0,0.0,0.0,0.0
2334,tortura,1.0,0.75,0.0,0.75
2335,toxina,0.0,1.0,0.0,0.0
2336,tragedia,0.0,0.8,0.0,0.8
2337,tortuosa,1.0,0.0,0.0,0.0
2338,tortuosas,1.0,0.0,0.0,0.0
2339,tortuosos,1.0,0.0,0.0,0.0
2340,tragedias,0.0,0.5,0.0,0.5
2341,trágica,0.0,0.0,0.0,1.0
2342,trágicas,0.0,0.0,0.0,1.0
2343,trágico,0.0,0.0,0.0,1.0
2344,trágicos,0.0,0.0,0.0,1.0
2345,traicionada,0.0,0.0,0.0,1.0
2346,traicionar,1.0,0.0,0.0,1.0
2347,traicionadas,0.0,0.0,0.0,1.0
2348,traicionado,0.0,0.0,0.0,1.0
2349,traicionados,0.0,0.0,0.0,1.0
2350,traicionero,1.0,1.0,0.0,0.0
2351,traicionera,1.0,1.0,0.0,0.0
2352,traicioneras,1.0,1.0,0.0,0.0
2353,traicioneros,1.0,1.0,0.0,0.0
2354,traidor,1.0,0.6666666666666666,0.0,1.0
2355,tranquilidad,0.0,0.0,1.0,0.0
2356,tratar,0.3333333333333333,0.3333333333333333,0.6666666666666666,0.3333333333333333
2357,traidora,1.0,1.0,0.0,1.0
2358,traidoras,1.0,1.0,0.0,1.0
2359,traidores,1.0,1.0,0.0,1.0
2360,trauma,0.0,1.0,0.0,0.5
2361,traumático,0.5,1.0,0.0,1.0
2362,traumática,0.0,1.0,0.0,1.0
2363,traumáticas,0.0,1.0,0.0,1.0
2364,traumáticos,0.0,1.0,0.0,1.0
2365,estruendoso,0.5,0.75,0.0,0.0
2366,tribulación,0.0,1.0,0.0,0.5
2367,triunfante,0.0,0.0,1.0,0.0
2368,triunfo,0.0,0.0,1.0,0.0
2369,fanfarria,0.0,0.0,1.0,0.0
2370,tumulto,1.0,1.0,0.0,0.0
2371,tumultuoso,1.0,1.0,0.0,0.0
2372,turbulencia,0.5,1.0,0.0,0.0
2373,turbulenta,0.0,1.0,0.0,0.0
2374,turbulentas,0.0,1.0,0.0,0.0
2375,turbulentos,0.0,1.0,0.0,0.0
2376,turbulento,0.0,1.0,0.0,0.0
2377,úlceras,0.0,0.5,0.0,0.0
2378,úlcera,0.3333333333333333,0.6666666666666666,0.0,0.3333333333333333
2379,urnas,0.0,0.0,0.0,0.5
2380,urna,0.0,0.0,0.0,0.6666666666666666
2381,utópico,0.0,0.0,1.0,0.0
2382,vacaciones,0.0,0.0,0.75,0.0
2383,vampiros,0.0,1.0,0.0,0.0
2384,vampiro,0.5,1.0,0.0,0.0
2385,vegetativo,0.0,0.0,0.0,1.0
2386,vehemente,1.0,1.0,0.0,0.0
2387,vendetta,1.0,1.0,0.0,1.0
2388,ventisca,0.0,1.0,0.0,0.0
2389,veracidad,0.0,0.0,1.0,0.0
2390,verano,0.0,0.0,0.6666666666666666,0.0
2391,vergonzoso,1.0,0.0,0.0,0.3333333333333333
2392,vértigo,0.0,0.75,0.0,0.0
2393,víbora,0.0,1.0,0.0,0.0
2394,vicioso,1.0,0.0,0.0,0.0
2395,victimizada,1.0,1.0,0.0,1.0
2396,victimizadas,1.0,1.0,0.0,1.0
2397,victimizados,1.0,1.0,0.0,1.0
2398,victimizado,1.0,1.0,0.0,1.0
2399,víctor,0.0,0.0,1.0,0.0
2400,victoria,0.0,0.0,0.8,0.0
2401,victoriosa,0.0,0.0,1.0,0.0
2402,victoriosas,0.0,0.0,1.0,0.0
2403,victoriosos,0.0,0.0,1.0,0.0
2404,victorioso,0.0,0.0,1.0,0.0
2405,vida,0.0,0.0,0.6666666666666666,0.0
2406,vigilancia,0.0,1.0,0.0,0.0
2407,vil,0.3333333333333333,0.6666666666666666,0.0,0.6666666666666666
2408,violentamente,1.0,0.6666666666666666,0.0,0.6666666666666666
2409,violenta,1.0,0.5,0.0,0.0
2410,violentas,1.0,0.5,0.0,0.0
2411,violentos,1.0,0.5,0.0,0.0
2412,violento,1.0,0.6,0.0,0.2
2413,virtuosa,0.0,0.0,1.0,0.0
2414,virtuosas,0.0,0.0,1.0,0.0
2415,virtuosos,0.0,0.0,1.0,0.0
2416,virtuoso,0.0,0.0,1.0,0.0
2417,virulencia,1.0,1.0,0.0,0.0
2418,visionaria,0.0,0.0,0.5,0.0
2419,visionarias,0.0,0.0,0.5,0.0
2420,visionarios,0.0,0.0,0.5,0.0
2421,visionario,0.0,0.0,0.6666666666666666,0.0
2422,vitalidad,0.0,0.0,1.0,0.0
2423,viuda,0.0,0.0,0.0,1.0
2424,viudo,0.0,0.0,0.0,1.0
2425,viva,0.0,0.0,1.0,0.0
2426,vivaz,0.0,0.0,1.0,0.0
2427,vívida,0.0,0.0,1.0,0.0
2428,vívido,0.0,0.0,1.0,0.0
2429,volatilidad,1.0,1.0,0.0,0.0
2430,volcanes,0.0,1.0,0.0,0.0
2431,volcán,0.0,1.0,0.0,0.0
2432,vulgaridad,1.0,0.0,0.0,0.5
2433,vulnerabilidad,0.0,0.6666666666666666,0.0,0.3333333333333333
2434,xenofobia,0.0,1.0,0.0,0.0
2435,yihad,0.0,1.0,0.0,0.0
2436,zen,0.0,0.0,0.5,0.0
